zone,ward,colony,year,month,mean_ndvi
7,1,494,2018,1,0.2835872487153377
7,1,513,2018,1,0.1429173929707987
7,1,1059,2018,1,0.0940353448496317
7,1,1060,2018,1,0.0969416743069368
7,1,1102,2018,1,0.169222784990508
7,1,1103,2018,1,0.2367707370698654
7,1,1104,2018,1,0.1127705467440154
7,1,1105,2018,1,0.1565704633544461
7,1,1805,2018,1,0.0568422612348105
7,1,2010,2018,1,0.2246342332318263
7,1,2163,2018,1,0.1420100778341293
7,1,2173,2018,1,0.0841458737850189
7,1,2293,2018,1,0.0521599985659122
7,1,2300,2018,1,-0.008765522390604
7,1,2319,2018,1,0.3547038435935974
7,2,478,2018,1,0.4946115514639085
7,2,491,2018,1,0.6551762612725935
7,2,514,2018,1,0.0625049824617346
7,2,930,2018,1,0.2283226728204127
7,2,981,2018,1,0.5600521855385301
7,2,1101,2018,1,0.3435133569757677
7,2,1806,2018,1,0.4530760300643422
7,2,2228,2018,1,0.3419103324413299
7,2,2241,2018,1,0.1470102369785308
7,2,2243,2018,1,0.1784075647592544
7,2,2257,2018,1,0.0467356406152248
7,2,2266,2018,1,0.1394354104995727
7,2,2288,2018,1,0.1616942882537841
7,3,479,2018,1,0.3159227566382172
7,3,481,2018,1,0.1462450979469954
7,3,488,2018,1,0.5035500009263965
7,3,517,2018,1,0.2881638399216524
7,3,982,2018,1,0.2986451261668247
7,3,983,2018,1,0.2735447594122899
7,3,984,2018,1,0.400633943311248
7,3,987,2018,1,0.2655834088891772
7,3,1091,2018,1,0.1826708415046395
7,3,1092,2018,1,0.2418140646716956
7,3,1932,2018,1,0.2207908722609024
7,3,1933,2018,1,0.1130788185075575
7,3,1941,2018,1,0.2108755770596591
7,3,1942,2018,1,0.3989921092970658
7,3,2176,2018,1,0.2594142258167267
7,4,487,2018,1,0.4841765736668499
7,4,496,2018,1,0.5426110750305624
7,4,497,2018,1,0.5497264462012309
7,4,498,2018,1,0.4295192072482312
7,4,500,2018,1,0.4347231430770057
7,4,501,2018,1,0.6357772126338677
7,4,515,2018,1,0.5682468913612565
7,4,516,2018,1,0.4092287067168623
7,4,518,2018,1,0.3427066855012882
7,4,849,2018,1,0.566809799833663
7,4,859,2018,1,0.4375029585044714
7,4,861,2018,1,0.2910851635657959
7,4,870,2018,1,0.5119807790502003
7,4,975,2018,1,0.4317541569992266
7,4,976,2018,1,0.5328389538600591
7,4,977,2018,1,0.5097365353697749
7,4,1021,2018,1,0.2084548347264437
7,4,1022,2018,1,0.3270342282229017
7,4,1023,2018,1,0.4414091995130931
7,4,1100,2018,1,0.508722315737218
7,4,1752,2018,1,0.4273093332172326
7,4,1829,2018,1,0.4682921808752271
7,4,1830,2018,1,0.4829289686217397
7,4,2213,2018,1,0.0397727265954017
7,4,2214,2018,1,0.0356659144163131
7,4,2217,2018,1,0.2009132355451584
7,4,2284,2018,1,0.0020951810292899
6,5,1068,2018,1,0.2906867895233497
6,5,1747,2018,1,0.3505487904300381
6,5,1835,2018,1,0.3374900323275862
6,5,1915,2018,1,0.1611787938081883
6,5,1916,2018,1,0.1411743009855435
6,5,2019,2018,1,0.3487588184507834
6,5,2021,2018,1,0.2836379880306741
6,6,1132,2018,1,0.0819884877146026
6,6,1745,2018,1,0.2945572369572829
6,6,1840,2018,1,0.1024155785055721
6,6,1841,2018,1,0.1430648765740257
6,6,1899,2018,1,0.0906301443512614
6,6,1900,2018,1,0.0956048290208023
6,6,2004,2018,1,0.1744872988060106
6,6,2007,2018,1,0.1692150329045694
6,6,2103,2018,1,0.0474999994039535
6,6,2115,2018,1,0.0806451588869094
6,6,2126,2018,1,0.1966399401426315
6,6,2197,2018,1,0.5470027327537537
6,6,2252,2018,1,0.0873450562357902
6,7,860,2018,1,0.2889197942839196
6,7,929,2018,1,0.0509774829189411
6,7,1067,2018,1,0.2664118476092497
6,7,1131,2018,1,0.342242549120152
6,7,1739,2018,1,0.212052704750363
6,7,1740,2018,1,0.1223351512146752
6,7,1741,2018,1,0.0943057527985852
6,7,1742,2018,1,0.4381115839656549
6,7,1743,2018,1,0.1049099061145566
6,7,1744,2018,1,0.0715869144990891
6,7,1746,2018,1,0.1297265593084454
6,7,1748,2018,1,0.2263122876485188
6,7,1749,2018,1,0.2499665399960928
6,7,1750,2018,1,0.4554104397701077
6,7,1751,2018,1,0.3626703118430142
6,8,339,2018,1,0.1566418613675097
6,8,876,2018,1,0.2954142473844593
6,8,947,2018,1,0.160539023365986
6,8,1130,2018,1,0.2170921249687026
6,8,1262,2018,1,0.2474261654568985
6,8,1707,2018,1,0.1361692373117878
6,8,1708,2018,1,0.1178021010624298
6,8,1727,2018,1,0.1577807718671132
6,8,1842,2018,1,0.1650161597206801
6,8,2008,2018,1,0.190760976370771
6,8,2073,2018,1,0.1016832844854738
6,8,2084,2018,1,0.0972634330391883
6,8,2128,2018,1,0.0609679445624351
6,8,2169,2018,1,0.1604747176170349
6,8,2188,2018,1,0.0437017977237701
6,9,48,2018,1,0.237266765941273
6,9,49,2018,1,0.1691183715031065
6,9,50,2018,1,0.1202470320689527
6,9,477,2018,1,0.1031906585277588
6,9,841,2018,1,0.1327118854794605
6,9,1109,2018,1,0.2971214702111164
6,9,2253,2018,1,0.0451206713914871
6,10,309,2018,1,0.1800956126907109
6,10,365,2018,1,0.2487646076281013
6,10,1703,2018,1,0.320626023602684
6,10,1710,2018,1,0.1862428437654086
6,11,313,2018,1,0.1980975492815193
6,11,314,2018,1,0.1147186635533195
6,11,370,2018,1,0.2256650719703438
6,11,938,2018,1,0.1746603148117412
6,11,941,2018,1,0.1975927030589898
6,11,942,2018,1,0.1678095183954559
6,11,945,2018,1,0.0474887900698968
6,11,2134,2018,1,0.0294259525835514
6,11,2282,2018,1,0.0705626383423805
6,12,310,2018,1,0.3287685278690223
6,12,311,2018,1,0.3172871370493255
6,12,312,2018,1,0.2655560385248105
6,12,317,2018,1,0.0865430921596419
6,12,318,2018,1,0.2541242377293288
6,12,319,2018,1,0.2211638947236373
6,12,320,2018,1,0.230844882908713
6,12,334,2018,1,0.1601728950318354
6,12,338,2018,1,0.2157774571772222
6,12,349,2018,1,0.158071975166916
6,12,350,2018,1,0.2045263706702478
6,12,358,2018,1,0.3597177937512038
6,12,361,2018,1,0.2511942405400313
6,12,939,2018,1,0.1612431736996299
6,12,1417,2018,1,0.1380600532476049
6,12,1490,2018,1,0.3512201719996374
6,12,1702,2018,1,0.2456267930133851
6,12,2177,2018,1,0.2891446650028229
6,13,315,2018,1,0.1118179981769388
6,13,316,2018,1,0.126336090324461
6,13,321,2018,1,0.1270135609449538
6,13,322,2018,1,0.0966741310782125
6,13,323,2018,1,0.0884067285840756
6,13,340,2018,1,0.1531840543409601
6,13,343,2018,1,0.3050061008960903
6,13,362,2018,1,0.13144230409102
6,13,833,2018,1,0.217363264177229
6,13,1099,2018,1,0.2212094075637801
6,13,1173,2018,1,0.1654790895503068
6,14,324,2018,1,0.0761335989520819
6,14,354,2018,1,0.0981123678427073
6,14,355,2018,1,0.0993584322642131
6,14,356,2018,1,0.0947098958174697
6,14,363,2018,1,0.0979471166197953
6,14,1171,2018,1,0.0692125849810271
6,14,1269,2018,1,0.1163130968537179
6,14,1270,2018,1,0.1459887893201436
6,14,1498,2018,1,0.0877250294911057
6,14,1499,2018,1,0.0941884409365033
6,15,325,2018,1,0.1017792397730644
6,15,326,2018,1,0.0873487333685045
6,15,327,2018,1,0.0955657110845518
6,15,328,2018,1,0.1352304311899038
6,15,359,2018,1,0.1657707429875088
6,15,360,2018,1,0.0829836860377127
6,15,937,2018,1,0.1879538216158771
6,15,1732,2018,1,0.1020753563895885
6,15,2232,2018,1,0.4910930395126343
6,16,839,2018,1,0.1376307336141005
6,17,277,2018,1,0.1223504214540496
6,17,278,2018,1,0.1071641159352644
6,17,279,2018,1,0.052806593970195
6,17,1050,2018,1,0.2088534219793535
6,17,1128,2018,1,0.1164029698143399
6,17,1719,2018,1,0.0747646469253677
6,17,1720,2018,1,0.1824774030463812
6,17,1949,2018,1,0.0980567412100499
6,17,1950,2018,1,0.0641966459283418
6,17,1951,2018,1,0.1018902301600376
6,18,280,2018,1,0.0814406373419479
6,18,281,2018,1,0.0748390639847335
6,18,282,2018,1,0.0906401823401531
6,18,304,2018,1,0.0793958735784667
6,18,923,2018,1,0.099142840616652
6,18,1049,2018,1,0.1283089650841467
6,18,1113,2018,1,0.1701574201978435
6,18,1260,2018,1,0.0872573049444901
6,18,1261,2018,1,0.0731690174012672
6,18,1473,2018,1,0.1024957805740289
6,18,1701,2018,1,0.1004608855143753
6,18,2020,2018,1,0.1630322389869593
6,18,2299,2018,1,0.0646999701857566
6,18,2308,2018,1,0.1110582649707794
6,19,1069,2018,1,0.1303404916356475
6,19,1083,2018,1,0.1137126429486355
6,19,2005,2018,1,0.1338871104731641
6,19,2006,2018,1,0.1392690795679841
6,19,2298,2018,1,0.1803349107503891
6,20,1798,2018,1,0.1188205731847856
6,20,1799,2018,1,0.1754876429738562
8,21,2069,2018,1,0.1881789711638028
8,22,1956,2018,1,0.1735781715029762
8,22,1957,2018,1,0.0939742514404155
8,22,2022,2018,1,0.1981867729612516
8,23,1295,2018,1,0.1100598550579696
8,23,1296,2018,1,0.1561973472542678
8,23,1297,2018,1,0.1155034890128868
8,23,1738,2018,1,0.0999226143036049
8,23,1999,2018,1,0.0814590715058947
8,23,2171,2018,1,0.2012596577405929
8,23,2234,2018,1,0.038961037993431
8,23,2235,2018,1,0.0580204762518405
8,24,966,2018,1,0.1067533574809672
8,24,1005,2018,1,0.0936321747394407
8,24,1737,2018,1,0.0742960074669411
8,25,302,2018,1,0.0780121604700966
8,25,662,2018,1,0.529085713475038
8,25,663,2018,1,0.3697009522711212
8,25,971,2018,1,0.1080564360944498
8,25,1361,2018,1,0.1248774125557413
8,25,1397,2018,1,0.0788575771661061
8,25,1398,2018,1,0.1206509287467603
8,25,1570,2018,1,0.0693995307473575
8,25,1571,2018,1,0.0714060335743184
8,25,1687,2018,1,0.098497972650043
8,25,1856,2018,1,0.0731919746705485
8,25,1945,2018,1,0.1859138425716683
8,25,2291,2018,1,0.1194815710186958
8,26,305,2018,1,0.1189431031861739
8,26,986,2018,1,0.2782208206674064
8,26,1934,2018,1,0.15453140378937
8,26,1935,2018,1,0.1424866135055954
8,26,1937,2018,1,0.0841547247268133
8,26,1938,2018,1,0.0979790891870347
8,26,1967,2018,1,0.0612666663765131
8,26,2037,2018,1,0.1402049022526127
8,26,2038,2018,1,0.1190009641853563
8,26,2071,2018,1,0.1268630858955033
8,26,2072,2018,1,0.1475405913750219
8,26,2122,2018,1,0.1186088770627975
8,26,2200,2018,1,0.0631144940853118
7,27,480,2018,1,0.6580250638680498
7,27,483,2018,1,0.5138711842626977
7,27,484,2018,1,0.5056606663111567
7,27,490,2018,1,0.565148701191264
7,27,493,2018,1,0.6324453842877138
7,27,495,2018,1,0.5083094723080781
7,27,967,2018,1,0.1423353099454784
7,27,968,2018,1,0.1426586443753762
7,27,985,2018,1,0.2877253366276556
7,27,988,2018,1,0.1730110275255
7,27,1721,2018,1,0.1381678277435725
7,27,1722,2018,1,0.1309461009174312
7,27,1723,2018,1,0.106706150991474
7,27,1724,2018,1,0.1050022845836014
7,27,1943,2018,1,0.108535220225652
7,27,1944,2018,1,0.1457635265285685
7,27,1946,2018,1,0.1742259084607725
7,27,2097,2018,1,-0.019579404965043
7,27,2267,2018,1,0.2095005214214325
7,27,2286,2018,1,0.2233285903930664
7,28,482,2018,1,0.6452415862986046
7,28,485,2018,1,0.6266613467957814
7,28,489,2018,1,0.5991166638958818
7,28,492,2018,1,0.6532280421810508
7,28,499,2018,1,0.612633647339256
7,28,978,2018,1,0.6075506883592395
7,28,979,2018,1,0.5134522068598777
7,28,980,2018,1,0.6636398696008148
7,28,1909,2018,1,0.1014226080962966
7,28,1910,2018,1,0.0238328717108404
7,28,1911,2018,1,0.0023370906161234
7,28,1912,2018,1,0.3901879257844756
7,28,1913,2018,1,0.073913741192031
7,28,1914,2018,1,0.2848050743042727
7,28,2112,2018,1,0.290747195482254
7,28,2137,2018,1,0.0585556291043758
7,28,2175,2018,1,0.6258766055107117
7,28,2210,2018,1,0.0413376688957214
7,28,2287,2018,1,0.6415565609931946
7,28,2294,2018,1,0.1428571492433548
7,28,2310,2018,1,0.0986372455954551
7,28,2322,2018,1,0.8309891819953918
7,29,486,2018,1,0.5308204134036418
7,29,507,2018,1,0.1702609433702035
7,29,509,2018,1,0.6641340859644173
7,29,510,2018,1,0.5753179899679048
7,29,511,2018,1,0.61752538728188
7,29,512,2018,1,0.650168481203589
7,29,661,2018,1,0.2522781641732139
7,29,871,2018,1,0.3437310444836491
7,29,990,2018,1,0.2830743713807323
7,29,1845,2018,1,0.1400587167312849
7,29,1846,2018,1,0.1527842155953555
7,29,1847,2018,1,0.1343579244183151
7,29,1848,2018,1,0.2560617028259384
7,29,1849,2018,1,0.1036532514129772
7,29,1850,2018,1,0.0974556470876587
7,29,1851,2018,1,0.2845467380895451
7,29,1852,2018,1,0.2956645256916996
7,29,1853,2018,1,0.4494558805684392
7,29,1883,2018,1,0.4622728545300629
7,29,1884,2018,1,0.4998428602066146
7,29,2109,2018,1,0.0535273142158985
7,29,2130,2018,1,-0.0011596443364396
7,29,2199,2018,1,0.5106236934661865
7,29,2202,2018,1,0.010518679395318
9,30,519,2018,1,0.5498518761228472
9,30,597,2018,1,0.4407911929353131
9,30,598,2018,1,0.6160789041018375
9,30,599,2018,1,0.2223691855189357
9,30,615,2018,1,0.3413617395349169
9,30,999,2018,1,0.4070038733492773
9,30,1000,2018,1,0.5648702877875629
9,30,1001,2018,1,0.1716152097131389
9,30,1792,2018,1,0.1482617426668439
9,30,1794,2018,1,0.1785917439427042
9,30,1795,2018,1,0.2396177522028076
9,30,1796,2018,1,0.087716070918091
9,30,1797,2018,1,0.265637785092594
9,30,1815,2018,1,0.1418597433470708
9,30,1816,2018,1,0.4440059687071437
9,30,1819,2018,1,0.1294195459380241
9,30,1820,2018,1,0.1337162258617109
9,30,1821,2018,1,0.2754224358128487
9,30,1822,2018,1,0.1317450506036931
9,30,1953,2018,1,0.5892113885734174
9,30,1954,2018,1,0.3030743525357546
9,30,1955,2018,1,0.4207252639508207
9,30,2110,2018,1,0.2799763679504394
9,30,2111,2018,1,0.1720871478319168
9,30,2149,2018,1,0.0456586815416812
9,30,2156,2018,1,0.0797505751252174
9,30,2254,2018,1,0.0975968614220619
9,30,2313,2018,1,0.0113052418455481
9,31,581,2018,1,0.1025528389537558
9,31,582,2018,1,0.1047889663233901
9,31,604,2018,1,0.0972201860130731
9,31,605,2018,1,0.1225193339816773
9,31,973,2018,1,0.1279618535902503
9,31,1507,2018,1,0.1275673660577512
9,31,2317,2018,1,0.0925632938742637
9,32,579,2018,1,0.0797606629210633
9,32,580,2018,1,0.0783761228154043
9,32,607,2018,1,0.0937959657866379
9,32,608,2018,1,0.0598826518425574
9,32,993,2018,1,0.0689263009891456
9,32,1185,2018,1,0.0575016319997026
9,32,1186,2018,1,0.0544116817987882
9,32,1437,2018,1,0.1070422822824844
9,32,1438,2018,1,0.1602187962094129
9,32,1637,2018,1,0.0705936508489415
9,32,1714,2018,1,0.0609420610933887
9,32,1715,2018,1,0.0677821446019256
9,32,1716,2018,1,0.0655551873855759
9,32,1925,2018,1,0.1326516352016547
9,32,1926,2018,1,0.1873842098939486
9,32,2086,2018,1,0.0492647066712379
9,32,2139,2018,1,0.2756878137588501
9,32,2178,2018,1,0.0441176481544971
9,32,2183,2018,1,0.1334776282310485
9,32,2208,2018,1,0.0481970719993114
8,33,506,2018,1,0.1092135951971448
8,33,970,2018,1,0.0764009120100635
8,33,1410,2018,1,0.4179616092082236
7,34,502,2018,1,0.316666487491492
7,34,503,2018,1,0.153512096759555
7,34,504,2018,1,0.1292910390085988
7,34,505,2018,1,0.1564061652872479
7,34,508,2018,1,0.1201427185457516
7,34,1124,2018,1,0.153455819849439
7,34,1125,2018,1,0.1194144033010834
7,34,1126,2018,1,0.0793571086845012
7,34,1127,2018,1,0.0643184950893643
7,34,1183,2018,1,0.0877641297425438
7,34,1184,2018,1,0.1463462233986553
7,34,1408,2018,1,0.0593068270967037
7,34,1409,2018,1,0.0728749404219164
7,34,1411,2018,1,0.0897741728205467
7,34,1550,2018,1,0.2685529357707778
7,34,1882,2018,1,0.144672511252693
7,34,2207,2018,1,0.1338729709386825
8,35,969,2018,1,0.0849860990133329
8,35,974,2018,1,0.131700257318594
8,35,1129,2018,1,0.083403394352248
8,35,1358,2018,1,0.0911664922642005
8,35,1359,2018,1,0.0836733106582883
8,35,1360,2018,1,0.0753241988764439
8,35,1615,2018,1,0.1132934501579216
8,35,1616,2018,1,0.1101106620696653
8,35,1854,2018,1,0.1610460404162755
8,35,1855,2018,1,0.1034037218931828
8,35,1895,2018,1,0.1078032303673297
8,35,1896,2018,1,0.0779147897041578
8,35,2206,2018,1,0.0757632851600647
8,35,2209,2018,1,0.0279289074242115
8,35,2223,2018,1,0.0478347018361091
8,35,2225,2018,1,0.1315895318984985
8,35,2265,2018,1,0.0870748311281204
8,35,2318,2018,1,0.1131296455860138
9,36,1793,2018,1,0.0642499764936745
8,37,568,2018,1,0.2129488816210641
8,39,520,2018,1,0.124362312786952
8,39,1619,2018,1,0.1564830592409661
8,40,972,2018,1,0.1454799252963188
8,40,1617,2018,1,0.122172135573167
8,40,1618,2018,1,0.0852473388966375
8,40,1620,2018,1,0.1366796409874631
8,40,1621,2018,1,0.1415434176604495
8,40,2316,2018,1,0.0837742537260055
10,41,583,2018,1,0.1628422097038404
10,41,584,2018,1,0.1507209994736943
10,41,610,2018,1,0.1614491558359064
10,41,611,2018,1,0.1475110125798051
10,41,612,2018,1,0.167658217848152
10,41,613,2018,1,0.2071387970561003
10,41,678,2018,1,0.212743372044926
10,41,1612,2018,1,0.1737790875451532
10,42,569,2018,1,0.1024744082213312
10,42,570,2018,1,0.1180981978629399
10,42,571,2018,1,0.138453473948469
10,42,572,2018,1,0.1454652930909157
10,42,573,2018,1,0.1694329271913278
10,42,1427,2018,1,0.1442577923173371
10,43,574,2018,1,0.0834771335715114
10,43,575,2018,1,0.1120222850018237
10,43,576,2018,1,0.0940672286013339
10,43,577,2018,1,0.0891272581698045
10,43,578,2018,1,0.0622194898731513
10,43,606,2018,1,0.0936704450056693
10,43,609,2018,1,0.1026924173667948
10,43,992,2018,1,0.0977888356084409
10,43,1181,2018,1,0.0745445891535439
10,43,1439,2018,1,0.0645310688603875
10,43,1469,2018,1,0.0836759538792852
10,43,1470,2018,1,0.2969587724528609
10,43,1508,2018,1,0.0844898420510832
10,43,1831,2018,1,0.142714161690467
10,43,1832,2018,1,0.2071211173131702
10,43,1880,2018,1,0.0626389200758089
10,43,1881,2018,1,0.0960997116676523
10,43,2255,2018,1,0.3678756356239319
10,43,2259,2018,1,0.0884312540292739
10,44,689,2018,1,0.1046435561219337
10,44,1182,2018,1,0.0567187348874613
10,44,1920,2018,1,0.1934782690807401
10,44,1921,2018,1,0.1510176451309867
10,44,1922,2018,1,0.0807041600203559
10,44,1927,2018,1,0.1328869953808222
10,44,1928,2018,1,0.149863284714216
10,44,1929,2018,1,0.1150823574268848
10,44,2044,2018,1,0.2857515987560403
10,44,2045,2018,1,0.2941708034939236
10,44,2046,2018,1,0.162519538233075
10,44,2047,2018,1,0.0695732053646371
10,44,2090,2018,1,0.0056818183511495
10,44,2091,2018,1,0.0318042822182178
10,44,2160,2018,1,0.2067988663911819
10,44,2162,2018,1,0.1402145773172378
8,45,255,2018,1,0.1406043380808326
8,45,256,2018,1,0.2151456890684185
8,45,2040,2018,1,0.1031994571053021
8,47,1004,2018,1,0.1355797196374923
8,48,614,2018,1,0.0935781792028626
8,48,959,2018,1,0.1539655527129542
8,48,2039,2018,1,0.1649449863323228
8,49,1111,2018,1,0.1544623178471885
8,49,1112,2018,1,0.2442864467027593
8,50,306,2018,1,0.1388874695570826
8,50,1575,2018,1,0.2140210469563802
8,50,1576,2018,1,0.1403029387419646
8,50,1577,2018,1,0.1614687712296195
8,50,1578,2018,1,0.2593124769760621
8,50,1579,2018,1,0.1814881601641255
8,50,1580,2018,1,0.2540514317954458
8,50,2070,2018,1,0.1994423029076962
8,51,254,2018,1,0.1254851928671342
8,51,283,2018,1,0.2239746851950698
8,51,1584,2018,1,0.1922809262818928
8,51,1586,2018,1,0.2611143224379595
8,52,1581,2018,1,0.2160282268390788
8,52,1582,2018,1,0.214788137697706
8,52,1583,2018,1,0.2088903831283399
8,52,1585,2018,1,0.1601198236425439
8,53,1936,2018,1,0.1833706622569272
8,54,260,2018,1,0.2088636080167833
8,54,1061,2018,1,0.1391473852806497
8,54,1343,2018,1,0.1842735624473905
8,54,1344,2018,1,0.0781894323763866
8,54,2034,2018,1,0.0987847408401631
8,54,2035,2018,1,0.2264024674617583
8,54,2036,2018,1,0.1767913664618427
8,54,2088,2018,1,0.0549450553953647
8,55,253,2018,1,0.1102796534202277
8,55,296,2018,1,0.1679598887761434
8,55,297,2018,1,0.1687597508204417
8,55,303,2018,1,0.2095996977516968
8,55,1972,2018,1,0.1849982385754373
8,56,298,2018,1,0.1756734242291359
8,56,2032,2018,1,0.2584488925484455
8,56,2033,2018,1,0.3722225231128734
10,57,409,2018,1,0.1599201986557549
10,57,454,2018,1,0.2865597210721486
10,57,455,2018,1,0.2564283288043478
10,57,835,2018,1,0.1645256707907638
10,57,1613,2018,1,0.1757763209779179
10,58,272,2018,1,0.2789303084551278
10,58,273,2018,1,0.2784484032870961
10,58,291,2018,1,0.2722912678497516
10,58,292,2018,1,0.1249005857598844
10,58,293,2018,1,0.2005697922435885
10,58,403,2018,1,0.198000841942903
10,58,404,2018,1,0.1587671078948128
10,58,405,2018,1,0.1670538774868737
10,58,406,2018,1,0.1865485543126999
10,58,407,2018,1,0.155563852061396
10,58,408,2018,1,0.1677854730841818
10,58,1652,2018,1,0.1875700040928795
8,59,261,2018,1,0.0534809018634827
8,59,274,2018,1,0.1109552167015561
8,59,1544,2018,1,0.2592132925080401
8,59,1589,2018,1,0.3549591747682486
8,59,1590,2018,1,0.2234488659508845
8,59,1592,2018,1,0.1905304357802763
8,60,294,2018,1,0.1802574876909469
8,60,1556,2018,1,0.1565724021852983
8,60,1557,2018,1,0.1418325537966008
8,60,1558,2018,1,0.1926341355765833
8,60,1559,2018,1,0.1710993571512877
8,60,1560,2018,1,0.172535672002234
8,60,1561,2018,1,0.2544643029688531
8,60,1562,2018,1,0.2083484104701451
8,60,1563,2018,1,0.2276983849796248
8,60,1564,2018,1,0.2129951280659623
8,60,1593,2018,1,0.2227758087192608
8,60,1594,2018,1,0.1770052386868384
8,60,1595,2018,1,0.2312341298928642
8,60,2285,2018,1,0.0576096288859844
8,61,1192,2018,1,0.1049776128269134
8,61,1195,2018,1,0.0998657922403043
8,61,1196,2018,1,0.065659985427936
8,61,1197,2018,1,0.0544451985138141
8,61,1198,2018,1,0.2264245486679289
8,61,1199,2018,1,0.0545701401843873
8,61,1200,2018,1,0.0854416830826742
8,61,1201,2018,1,0.0766952805040616
8,61,1202,2018,1,0.03703168706247
8,61,1204,2018,1,0.0697898142265551
8,61,1206,2018,1,0.1852433256815392
8,62,271,2018,1,0.0969670692341492
8,62,285,2018,1,0.1324850745467157
8,62,286,2018,1,0.1995335056470788
8,62,287,2018,1,0.2370984420299955
8,62,957,2018,1,0.1441062794764268
8,62,1194,2018,1,0.1635245680091757
8,62,1203,2018,1,0.0517568706725695
8,62,1339,2018,1,0.1088074837022155
8,62,1340,2018,1,0.1136040001650936
8,62,1341,2018,1,0.1448146068253819
8,62,1342,2018,1,0.1387695598546426
8,63,257,2018,1,0.2480870760404146
8,63,258,2018,1,0.1670793518227449
8,63,259,2018,1,0.1702564435127453
8,63,262,2018,1,0.2146090018649061
8,63,263,2018,1,0.1955801337826094
8,63,264,2018,1,0.2216715912840682
8,63,265,2018,1,0.2067789646173944
8,63,266,2018,1,0.1817434612656193
8,63,267,2018,1,0.1688886161048572
8,63,268,2018,1,0.2318401952963183
8,63,269,2018,1,0.148602675188227
8,63,270,2018,1,0.1268616933671255
8,63,284,2018,1,0.1536219260271857
8,63,288,2018,1,0.1596998921791816
8,63,289,2018,1,0.1281805071914405
8,63,290,2018,1,0.1433199529778467
8,63,295,2018,1,0.1788448850140301
8,63,958,2018,1,0.0526181810496308
8,63,1591,2018,1,0.2314619502314814
8,63,2324,2018,1,-0.0337220281362533
8,64,867,2018,1,0.2177821333690356
8,64,1154,2018,1,0.1705275624654793
8,64,1588,2018,1,0.1628317427400402
8,65,301,2018,1,0.3546702221654952
8,65,868,2018,1,0.1686119742656588
8,65,1930,2018,1,0.236965552510669
8,65,1931,2018,1,0.225696231617647
8,66,275,2018,1,0.3009558985996691
8,66,276,2018,1,0.1718402688688631
8,66,299,2018,1,0.2108707738310583
8,66,300,2018,1,0.274273447746778
8,66,665,2018,1,0.209446366124117
8,66,666,2018,1,0.2068973580318099
8,66,1599,2018,1,0.311402048298977
8,67,1205,2018,1,0.241595828534537
8,67,1207,2018,1,0.1843844043965242
8,67,1711,2018,1,0.1131933337542844
8,67,1712,2018,1,0.0761994912590779
8,68,364,2018,1,0.08303925822155
8,68,944,2018,1,0.2203542070627388
11,69,337,2018,1,0.1280364990234375
11,69,838,2018,1,0.1643714706103007
11,69,862,2018,1,0.1037451194150604
11,69,946,2018,1,0.2489922310621753
11,69,1674,2018,1,0.2939324196207398
11,69,1675,2018,1,0.2418126697781719
11,69,2131,2018,1,0.0670769214630127
11,69,2289,2018,1,0.0490988194942474
6,70,335,2018,1,0.1271438598632812
6,70,336,2018,1,0.1108733101125143
6,70,347,2018,1,0.149969527970499
6,70,348,2018,1,0.0816552321116129
6,70,351,2018,1,0.1588616545898695
6,70,667,2018,1,0.1046836699672679
6,70,940,2018,1,0.1983271785668137
6,70,1415,2018,1,0.1160884174547697
6,70,1416,2018,1,0.1231606820913461
6,70,1418,2018,1,0.1216346695578309
6,71,329,2018,1,0.1459422274502841
6,71,330,2018,1,0.101892475561469
6,71,331,2018,1,0.1476354496892565
6,71,332,2018,1,0.1200035533865864
6,71,664,2018,1,0.1996787175853702
6,71,1600,2018,1,0.1505305391950383
6,71,1602,2018,1,0.2147163235042062
6,72,346,2018,1,0.3046238184596196
6,72,1379,2018,1,0.1997738216088674
6,72,1453,2018,1,0.1503570493587777
6,72,1454,2018,1,0.1600571642239523
6,72,1491,2018,1,0.1298175837132278
6,72,1601,2018,1,0.185971373065388
11,73,357,2018,1,0.2243215104807978
11,73,853,2018,1,0.2860433489572396
11,73,943,2018,1,0.1832313299664336
11,73,2329,2018,1,0.3156518936157226
12,74,345,2018,1,0.152907758889739
12,74,352,2018,1,0.0917020311542585
12,74,353,2018,1,0.1587931746143405
12,74,681,2018,1,0.0899472265887114
12,74,1189,2018,1,0.0973063461653148
12,74,1190,2018,1,0.2021997200347453
12,74,1211,2018,1,0.0969904224167965
12,74,1212,2018,1,0.1697992270991393
12,74,1255,2018,1,0.1234911463693706
12,74,1256,2018,1,0.151944843405423
12,74,1257,2018,1,0.0884742882601015
12,74,1609,2018,1,0.1399982811779494
12,74,1610,2018,1,0.0978375635329325
12,74,1763,2018,1,0.1225008326252614
12,74,1764,2018,1,0.1913038114222084
12,74,1765,2018,1,0.0745828321116429
12,74,1766,2018,1,0.132856267743406
12,74,1767,2018,1,0.1109271922799331
12,74,2250,2018,1,0.0641025677323341
11,75,646,2018,1,0.1664239907566505
11,75,647,2018,1,0.1201285236286667
11,75,648,2018,1,0.1884087586018673
11,75,837,2018,1,0.1995256063684138
11,75,1554,2018,1,0.1413662941533521
11,75,1555,2018,1,0.2462076972748717
11,75,1870,2018,1,0.1722544022695979
11,76,51,2018,1,0.1484155569648986
11,76,52,2018,1,0.2679256732647235
11,76,53,2018,1,0.0497791471935453
11,76,54,2018,1,0.0533024841153682
11,76,65,2018,1,0.127793500212585
11,76,66,2018,1,0.0734700099807555
11,76,840,2018,1,0.1538750048931138
11,76,842,2018,1,0.087035921292898
11,76,886,2018,1,0.1526612053500371
11,76,1215,2018,1,0.1533189587417815
11,76,1216,2018,1,0.2452079278451425
11,76,1518,2018,1,0.0804143156985469
11,76,1871,2018,1,0.0869387264909415
11,76,1872,2018,1,0.0913984457251407
6,77,307,2018,1,0.2066122632507884
6,77,308,2018,1,0.1511335189525897
6,77,341,2018,1,0.1561500643506462
6,77,342,2018,1,0.1747545440694574
6,77,1598,2018,1,0.3059579976465107
6,78,68,2018,1,0.1469666042408359
6,78,333,2018,1,0.295432180818578
6,78,366,2018,1,0.2905638357131817
6,78,367,2018,1,0.1412861803407082
6,78,368,2018,1,0.1778237453795419
6,78,369,2018,1,0.1777163995481004
6,78,660,2018,1,0.2222723635087102
6,78,1110,2018,1,0.2741669855317887
6,78,1519,2018,1,0.072039757390649
5,79,14,2018,1,0.2130505123653927
5,79,18,2018,1,0.1040232706878144
5,79,19,2018,1,0.0998230767004268
5,79,39,2018,1,0.0691843782208792
5,79,1301,2018,1,0.0553211346268653
5,79,1306,2018,1,0.05181281932079
5,79,1308,2018,1,0.0856876320309109
5,79,1309,2018,1,0.1116256895519438
5,79,1311,2018,1,0.0531417187129225
5,79,1312,2018,1,0.0554059333801269
5,79,1322,2018,1,0.0931580583901669
5,79,1753,2018,1,0.0995647980136121
5,80,1,2018,1,0.1082355411908098
5,80,2,2018,1,0.089967796688988
5,80,3,2018,1,0.09267737724588
5,80,4,2018,1,0.0748829083009199
5,80,7,2018,1,0.0785797431123301
5,80,8,2018,1,0.0780451449022552
5,80,9,2018,1,0.1060623832370924
5,80,10,2018,1,0.1047704188028971
5,80,11,2018,1,0.2608999444918057
5,80,12,2018,1,0.1906782752052347
5,80,13,2018,1,0.1222899754842122
5,80,38,2018,1,0.192430885392006
5,80,344,2018,1,0.1274732637011315
5,80,474,2018,1,0.1620564104264716
5,80,475,2018,1,0.1059616058471193
5,80,476,2018,1,0.1051635468732498
5,80,1307,2018,1,0.1213957263577368
5,80,1310,2018,1,0.0631259300492026
5,80,1313,2018,1,0.1053954592364453
5,80,1314,2018,1,0.053906365523955
5,81,20,2018,1,0.0722184483009048
5,81,23,2018,1,0.2308941887109784
5,81,28,2018,1,0.0624578528128858
5,81,32,2018,1,0.2913688962735454
5,81,33,2018,1,0.2201933363463981
5,81,34,2018,1,0.2430524839060368
5,81,35,2018,1,0.2745680110469745
5,81,64,2018,1,0.1053545413873134
5,81,70,2018,1,0.1505397983364292
5,82,67,2018,1,0.0711559061539302
5,82,1318,2018,1,0.0611727974631569
5,82,1319,2018,1,0.0638678168561914
5,82,1320,2018,1,0.0707082139684798
5,82,1349,2018,1,0.082269789172757
5,82,1350,2018,1,0.0933860593137487
5,83,17,2018,1,0.0574808734958454
5,83,40,2018,1,0.0631624729789082
5,83,890,2018,1,0.0603146207505378
5,83,1156,2018,1,0.0663755416870117
5,83,1317,2018,1,0.1113238026079822
5,83,1321,2018,1,0.0639397119220934
5,83,2125,2018,1,0.0268423613160848
5,84,29,2018,1,0.0579578539463862
5,84,30,2018,1,0.0558106725356158
5,84,69,2018,1,0.070034602989897
5,84,1315,2018,1,0.0605753007873604
5,84,1316,2018,1,0.0510532888206275
11,85,31,2018,1,0.0925075117363987
11,85,885,2018,1,0.0675036527672592
5,86,5,2018,1,0.0949140902488462
5,86,6,2018,1,0.0844357526755031
5,86,15,2018,1,0.091338479137241
5,86,16,2018,1,0.0860549620817179
5,86,1155,2018,1,0.070498905849402
5,86,1302,2018,1,0.0651742608507693
5,86,1303,2018,1,0.083130755801472
5,86,1304,2018,1,0.0627711716048214
5,86,1305,2018,1,0.0615152348863317
11,87,57,2018,1,0.0789266940155719
11,88,42,2018,1,0.0509538582230524
11,88,55,2018,1,0.0828358488879316
11,88,71,2018,1,0.1271545636599466
11,88,682,2018,1,0.1249545858781172
11,88,683,2018,1,0.1162271902270714
11,88,1757,2018,1,0.0941622309441114
11,88,1758,2018,1,0.0947780344955148
11,89,56,2018,1,0.0515375962624183
11,89,58,2018,1,0.0805454532498697
11,89,59,2018,1,0.0827895303456748
11,89,60,2018,1,0.0811465085863077
11,89,61,2018,1,0.0836007750730744
11,89,62,2018,1,0.0636602895176825
11,89,63,2018,1,0.20935875458243
11,89,864,2018,1,0.1392135263164476
11,90,653,2018,1,0.1677726892473246
11,90,654,2018,1,0.1131126283253826
11,90,655,2018,1,0.2202304498704007
11,90,656,2018,1,0.250113624939944
11,90,657,2018,1,0.1976355696736501
11,90,869,2018,1,0.1645256572969342
11,90,882,2018,1,0.2386720182316308
11,90,2042,2018,1,0.2466133038202921
11,90,2043,2018,1,0.2546973077420196
11,90,2107,2018,1,0.1834285706281662
11,90,2157,2018,1,0.1211840882897377
12,91,620,2018,1,0.1510215502106741
12,91,649,2018,1,0.0777658507178061
12,91,650,2018,1,0.097715972126394
12,91,651,2018,1,0.1358307682610804
12,91,1626,2018,1,0.0744889897408245
12,91,1627,2018,1,0.0898078624100829
12,91,1690,2018,1,0.1728153366937243
12,91,1964,2018,1,0.1236366764191658
12,91,1965,2018,1,0.170964493318286
12,91,2233,2018,1,0.0645234286785125
12,92,1688,2018,1,0.0742769892911733
12,92,1689,2018,1,0.1743883639546923
12,92,1691,2018,1,0.1528453569849225
12,92,1692,2018,1,0.1601096321181997
12,92,2145,2018,1,0.0951814427971839
12,92,2155,2018,1,0.0485488139092922
12,92,2170,2018,1,0.2932395040988922
12,92,2192,2018,1,0.0951814427971839
12,93,687,2018,1,0.0708909904431996
12,94,625,2018,1,0.163130134996939
12,94,627,2018,1,0.0848446042138412
12,94,628,2018,1,0.1109761604895958
12,95,618,2018,1,0.063221382410865
12,95,619,2018,1,0.1779645916922959
12,95,626,2018,1,0.1365839311877105
12,95,638,2018,1,0.1791035847661672
12,95,639,2018,1,0.235926278921274
12,95,645,2018,1,0.1722141947369866
12,95,884,2018,1,0.1148671708017025
12,96,631,2018,1,0.1991945005551413
12,96,632,2018,1,0.1453965229841783
12,96,633,2018,1,0.1254414076789167
12,96,634,2018,1,0.0519819636292178
12,96,635,2018,1,0.0941035052218224
12,96,636,2018,1,0.1777708812426495
12,96,637,2018,1,0.1341517280129825
10,97,386,2018,1,0.1238796818363773
10,97,388,2018,1,0.0944984305618155
10,97,435,2018,1,0.1535334586129363
10,97,684,2018,1,0.1381355132855896
10,97,685,2018,1,0.1777828167359686
10,97,686,2018,1,0.1295221796270343
10,97,1488,2018,1,0.1969708070544703
10,98,387,2018,1,0.1351057873327012
10,98,652,2018,1,0.1483784721570431
10,98,2060,2018,1,0.1171360510105433
10,98,2061,2018,1,0.1108792407364495
10,99,436,2018,1,0.2630061422075544
10,99,438,2018,1,0.1639144433796076
10,99,458,2018,1,0.1298367929648593
10,99,472,2018,1,0.1641452991229099
10,99,948,2018,1,0.160157945962502
10,99,1226,2018,1,0.1475355515786267
10,99,1227,2018,1,0.1863031645078917
10,99,1286,2018,1,0.1939815771384317
10,99,1287,2018,1,0.1297476844713237
10,99,1485,2018,1,0.1383026713165789
10,99,1486,2018,1,0.1444893433257136
10,99,1487,2018,1,0.248635906062714
10,99,1574,2018,1,0.1265410931632242
10,99,2203,2018,1,0.1584454476833343
10,99,2309,2018,1,0.1929591447114944
10,100,437,2018,1,0.2350404927658932
10,100,470,2018,1,0.1747103755409925
10,100,471,2018,1,0.1952977002119163
10,100,680,2018,1,0.124841503657473
10,100,855,2018,1,0.1168358820789265
10,100,856,2018,1,0.2383748545285553
10,100,857,2018,1,0.0999923853482601
10,101,389,2018,1,0.1259823132112536
10,101,390,2018,1,0.1628542354189116
10,101,391,2018,1,0.0993174598330543
10,101,446,2018,1,0.2447288246315663
10,101,834,2018,1,0.1271516416280314
10,101,949,2018,1,0.1260841076190655
10,101,1572,2018,1,0.1334544699357135
10,101,1573,2018,1,0.0653734330367056
10,101,1656,2018,1,0.0859828463868598
10,101,2297,2018,1,0.2361440658569336
10,102,877,2018,1,0.1526227724711436
10,103,448,2018,1,0.1051059312851498
10,103,449,2018,1,0.1229994528036448
10,103,450,2018,1,0.1036482406536321
10,103,451,2018,1,0.1000507594005968
10,103,452,2018,1,0.1901997770613595
10,103,453,2018,1,0.1999165734579396
10,103,468,2018,1,0.1425059550517314
10,103,469,2018,1,0.1909114471029448
10,103,670,2018,1,0.1669271288819574
10,103,960,2018,1,0.1473242169795821
10,103,1474,2018,1,0.1407311880687597
10,103,1475,2018,1,0.1485533997965264
10,104,447,2018,1,0.1451333852914663
10,104,671,2018,1,0.2383629189368981
10,104,679,2018,1,0.1344061775284377
10,104,2320,2018,1,0.1115434467792511
10,105,961,2018,1,0.1387219164744917
10,105,2062,2018,1,0.1687110835101085
10,106,1982,2018,1,0.1118609627700955
10,106,1983,2018,1,0.0884798892365429
10,106,2058,2018,1,0.1594404081151026
10,106,2059,2018,1,0.3264372429430019
10,107,401,2018,1,0.1111329386457919
10,107,461,2018,1,0.0841379641088222
10,107,464,2018,1,0.1042549029420976
10,107,465,2018,1,0.1595783590156341
10,107,964,2018,1,0.202584120685477
10,107,1754,2018,1,0.113783139165439
10,107,1755,2018,1,0.2176685287802819
10,107,1756,2018,1,0.1782928387940084
10,107,1979,2018,1,0.2116666238658366
10,107,1980,2018,1,0.0523212855355888
10,107,1981,2018,1,0.1174359391924202
10,108,392,2018,1,0.0880956537052812
10,108,393,2018,1,0.2006961747043514
10,108,459,2018,1,0.0396381781353213
10,108,460,2018,1,0.0392139788027162
10,108,962,2018,1,0.1153159927832515
10,108,1516,2018,1,0.0655590515855907
10,108,1517,2018,1,0.0599664562153366
10,108,2263,2018,1,0.0530401021242141
10,108,2269,2018,1,0.3636540472507477
10,109,418,2018,1,0.1684433396729066
10,109,421,2018,1,0.0926461883347397
10,109,439,2018,1,0.144734141031901
10,109,440,2018,1,0.1466279768351159
10,109,456,2018,1,0.1371796490394906
10,109,457,2018,1,0.1320419148676169
10,109,1191,2018,1,0.042164672344813
10,109,1214,2018,1,0.0799124918653813
10,109,1634,2018,1,0.1506763557334999
10,109,1655,2018,1,0.1352146763170355
10,109,2085,2018,1,0.4143598675727844
10,110,410,2018,1,0.1564567733379307
10,110,411,2018,1,0.0916855361435439
10,110,412,2018,1,0.130124724607697
10,110,413,2018,1,0.2258215923698581
10,110,414,2018,1,0.1185361935759864
10,110,419,2018,1,0.2885628232973303
10,110,426,2018,1,0.2064477700211427
10,110,441,2018,1,0.2563516103548069
10,110,951,2018,1,0.1136055170103561
10,110,1633,2018,1,0.1065572102864583
10,110,1907,2018,1,0.15213888091159
10,110,1908,2018,1,0.1287384758948145
10,110,2041,2018,1,0.0800726477867085
10,110,2323,2018,1,0.0648997649550437
10,111,427,2018,1,0.2690204379708971
10,111,428,2018,1,0.1968475475645902
10,111,443,2018,1,0.2473222417203802
10,111,1632,2018,1,0.1814545493736575
10,112,420,2018,1,0.1290037994384765
10,112,442,2018,1,0.2647412283140569
10,112,444,2018,1,0.1769368388111752
10,112,445,2018,1,0.173030683386181
10,112,2056,2018,1,0.230629404813158
10,112,2057,2018,1,0.0885367552086942
10,113,402,2018,1,0.0670244219499931
10,113,429,2018,1,0.2038981434730553
10,113,430,2018,1,0.0721185948419866
10,113,433,2018,1,0.220895098216498
10,113,963,2018,1,0.075143856974043
10,114,394,2018,1,0.0613296372549874
10,114,422,2018,1,0.1907039611570296
10,114,423,2018,1,0.1147576722349254
10,114,424,2018,1,0.1181451437410021
10,114,425,2018,1,0.1422581041712564
10,114,431,2018,1,0.0859236172540393
10,114,462,2018,1,0.1587938409429909
10,114,463,2018,1,0.1877757792570153
10,114,677,2018,1,0.0686527414524808
10,115,395,2018,1,0.0505851730704307
10,115,397,2018,1,0.1169726687322815
10,115,398,2018,1,0.0660678103671638
10,115,616,2018,1,0.1160247646100098
10,115,617,2018,1,0.0894875333282461
10,116,396,2018,1,0.0915576994187173
10,116,399,2018,1,0.1871124196108387
10,116,400,2018,1,0.1622907781697673
10,116,432,2018,1,0.1544096725225161
10,116,932,2018,1,0.2983267071115897
10,116,933,2018,1,0.1732004227176789
10,116,1639,2018,1,0.2538717501539284
10,116,1640,2018,1,0.1421459621853298
10,116,1644,2018,1,0.1863308468380489
10,117,415,2018,1,0.0696780130891996
10,117,416,2018,1,0.1587904045380741
10,117,417,2018,1,0.1385274435077793
10,117,1635,2018,1,0.1088565864948311
10,117,1636,2018,1,0.1487432502838502
10,117,1645,2018,1,0.2279128700037329
10,117,1646,2018,1,0.1345979156101883
10,117,1670,2018,1,0.1899941147014659
10,117,1671,2018,1,0.1366407038492449
10,117,2290,2018,1,0.2461706846952438
9,119,434,2018,1,0.0605885987020395
9,119,1063,2018,1,0.057076185177534
9,119,1064,2018,1,0.0695003557544493
9,119,1065,2018,1,0.074310270406432
9,119,1280,2018,1,0.0852496460241743
9,119,1281,2018,1,0.0542443257457805
9,119,1283,2018,1,0.0619669280596227
9,119,1429,2018,1,0.0859166419151986
9,119,1431,2018,1,0.0581883776007224
9,119,1704,2018,1,0.055868547870064
9,119,1984,2018,1,0.0568059549544946
9,119,1985,2018,1,0.0652931833821178
9,119,2230,2018,1,0.0580598637461662
9,120,1479,2018,1,0.0749382587601047
9,120,1480,2018,1,0.0753158380597347
9,120,2229,2018,1,0.0737422481179237
10,121,372,2018,1,0.0875691669743235
10,121,373,2018,1,0.0856444670422242
10,121,374,2018,1,0.0942632501775568
10,121,375,2018,1,0.2654479798816499
10,121,376,2018,1,0.092185460966961
10,121,377,2018,1,0.0971040242715057
10,121,378,2018,1,0.0934127116452526
10,121,379,2018,1,0.1091117779247945
10,121,380,2018,1,0.148675873523622
10,121,385,2018,1,0.0755916755356474
10,121,467,2018,1,0.0902569593019848
10,121,1263,2018,1,0.196080812866825
10,121,1264,2018,1,0.1602030196216961
10,121,1265,2018,1,0.0668051607468549
10,121,1266,2018,1,0.0963703494257381
10,121,1267,2018,1,0.0966689081356701
10,121,1268,2018,1,0.2484233235885483
10,121,1492,2018,1,0.1037140869453225
10,121,1923,2018,1,0.1921750615524813
10,121,1924,2018,1,0.2924951781504142
10,121,2092,2018,1,0.6561721563339233
10,121,2147,2018,1,0.1139611601829528
10,121,2159,2018,1,0.0574382543563842
10,121,2219,2018,1,0.0029970030300319
10,121,2224,2018,1,0.02101213298738
10,121,2239,2018,1,0.0363440103828907
10,121,2276,2018,1,0.0858244970440864
10,121,2314,2018,1,0.1975625455379486
10,122,381,2018,1,0.0879681321228442
10,122,931,2018,1,0.06855166781772
10,122,996,2018,1,0.3567257635813337
10,122,997,2018,1,0.3335123710990842
10,122,1003,2018,1,0.1357627864119132
10,122,1471,2018,1,0.1376191186514309
10,122,1493,2018,1,0.0909162248883928
10,122,1494,2018,1,0.0759843941073557
10,122,1495,2018,1,0.0785609024745707
10,122,1497,2018,1,0.070363765610362
10,122,2127,2018,1,0.7219078540802002
10,122,2283,2018,1,0.3488059341907501
10,123,371,2018,1,0.2107053969453087
10,123,1825,2018,1,0.0701871558801451
10,123,1826,2018,1,0.1428975266274368
10,124,466,2018,1,0.1469691658792225
10,124,1006,2018,1,0.1605886145953955
10,124,1638,2018,1,0.1703045216749021
10,124,1641,2018,1,0.1458191084341839
10,124,1642,2018,1,0.2173851154468677
10,124,1643,2018,1,0.195192172635373
10,125,383,2018,1,0.0614590015139834
10,125,1395,2018,1,0.0700910263421643
10,125,1472,2018,1,0.1724352506522424
10,126,382,2018,1,0.0810683084190438
10,126,384,2018,1,0.102282974746201
10,126,1393,2018,1,0.0548985970986856
10,126,1394,2018,1,0.0617916255708207
10,126,1400,2018,1,0.0880162464878768
10,126,1496,2018,1,0.0871141692076663
10,127,995,2018,1,0.085679255461174
10,127,1089,2018,1,0.0571933228676584
10,127,1282,2018,1,0.0739964243274388
10,127,1392,2018,1,0.0974159600599756
10,127,1684,2018,1,0.0664138032697521
10,127,1734,2018,1,0.1026023964151885
10,127,1736,2018,1,0.1375571912089095
10,127,1887,2018,1,0.0583703017269812
10,127,2185,2018,1,0.0653477236628532
10,127,2275,2018,1,0.0571198724210262
10,128,1062,2018,1,0.0592837448733741
10,128,1070,2018,1,0.0662123178003533
10,128,1213,2018,1,0.0695127658150647
10,128,1271,2018,1,0.0684502950528772
10,128,1272,2018,1,0.0643774709393901
10,128,1273,2018,1,0.0527877269493748
10,128,1274,2018,1,0.0597159795302459
10,128,1275,2018,1,0.0517749369470148
10,128,1276,2018,1,0.0571680207989306
10,128,1277,2018,1,0.0651208418834058
10,128,1278,2018,1,0.0639009632350166
10,128,1279,2018,1,0.0557600853525993
10,128,1292,2018,1,0.0806292959518484
10,128,1293,2018,1,0.0892758245815556
10,128,1428,2018,1,0.0539453497343656
10,128,1430,2018,1,0.0711114874118711
10,128,1735,2018,1,0.2136256911537864
10,128,2096,2018,1,0.0503889061510562
10,128,2186,2018,1,0.0292639676481485
10,128,2194,2018,1,0.0198874287307262
10,128,2236,2018,1,0.0912802591919899
10,128,2306,2018,1,0.0396659709513187
9,129,585,2018,1,0.072344217300415
9,129,603,2018,1,0.0938276459899129
9,129,668,2018,1,0.0742056335449218
9,129,669,2018,1,0.0851831970449053
9,129,831,2018,1,0.0872976705330569
9,129,934,2018,1,0.0851928378463885
9,129,936,2018,1,0.0895989291215291
9,129,952,2018,1,0.0829407421510611
9,129,953,2018,1,0.091037575968631
9,129,1759,2018,1,0.0446248444371253
9,129,1760,2018,1,0.0671581852291549
9,129,2248,2018,1,0.052170742303133
9,130,550,2018,1,0.1833407992408389
9,130,551,2018,1,0.2116509075312651
9,130,552,2018,1,0.1882385201107672
9,130,553,2018,1,0.1857947692871093
9,130,554,2018,1,0.1465665883031384
9,130,556,2018,1,0.1643182547122187
9,130,935,2018,1,0.1397603982742356
9,130,956,2018,1,0.0841180364210271
9,130,1090,2018,1,0.1481713274986724
9,130,1435,2018,1,0.0876298084138089
9,130,1478,2018,1,0.0768868568295338
9,130,1603,2018,1,0.1616611649504805
9,130,1663,2018,1,0.1065701078578822
9,130,1893,2018,1,0.0829372222253582
9,130,1894,2018,1,0.0633880833217075
9,130,2142,2018,1,0.0924092382192611
9,130,2295,2018,1,0.0497140325605869
9,131,555,2018,1,0.1209086100260416
9,131,586,2018,1,0.105867871812954
9,131,1362,2018,1,0.1032207509413122
9,131,1367,2018,1,0.1578465811214091
9,131,1368,2018,1,0.2618547634548611
9,131,1369,2018,1,0.1335624972818351
9,131,1669,2018,1,0.0863654480085232
9,131,2136,2018,1,0.1850367337465286
9,132,1363,2018,1,0.0529462923256189
9,132,1364,2018,1,0.049509066512532
9,132,1365,2018,1,0.0526928519182664
9,132,1366,2018,1,0.0576604139176301
9,132,2119,2018,1,0.0551290996372699
9,132,2152,2018,1,0.0172357726842165
9,133,521,2018,1,0.5831129013135203
9,133,522,2018,1,0.5700325083660982
9,133,530,2018,1,0.6436300579154854
9,133,532,2018,1,0.4762765326274562
9,133,533,2018,1,0.5861906918526271
9,133,534,2018,1,0.53529679111442
9,133,535,2018,1,0.5464151466758475
9,133,536,2018,1,0.6078245762674901
9,133,537,2018,1,0.5761172044047236
9,133,539,2018,1,0.6747756590832898
9,133,541,2018,1,0.6819289230264763
9,133,542,2018,1,0.6181968782815782
9,133,543,2018,1,0.558722488289695
9,133,544,2018,1,0.4851948425000819
9,133,545,2018,1,0.6397604935116878
9,133,546,2018,1,0.5171888194468879
9,133,547,2018,1,0.6214284331371439
9,133,548,2018,1,0.6131542523842868
9,133,549,2018,1,0.5888193749192611
9,133,596,2018,1,0.5846587794059012
9,133,924,2018,1,0.65794650337048
9,133,925,2018,1,0.5694648001125124
9,133,1081,2018,1,0.5422912661537679
9,133,1082,2018,1,0.4405789209115281
9,133,1258,2018,1,0.4795878749356694
9,133,1259,2018,1,0.4180384113424484
9,133,2135,2018,1,0.7372572422027588
9,133,2164,2018,1,0.7672305107116699
9,133,2242,2018,1,0.578220546245575
9,134,524,2018,1,0.6055275316879772
9,134,538,2018,1,0.498180137661799
9,134,965,2018,1,0.5026332888788223
9,134,1058,2018,1,0.1676401949752256
9,134,1084,2018,1,0.3266131932047918
9,134,1085,2018,1,0.2005927986255709
9,134,1086,2018,1,0.3586161990680926
9,134,1106,2018,1,0.2624685939187365
9,134,1107,2018,1,0.4332943019469184
9,134,1565,2018,1,0.1569853837805397
9,134,1566,2018,1,0.1501389696784684
9,134,1666,2018,1,0.1890624282090159
9,134,1776,2018,1,0.1881142860601756
9,134,1778,2018,1,0.1990985693208204
9,134,1779,2018,1,0.1568051499401412
9,134,1784,2018,1,0.1189810321848587
9,134,1786,2018,1,0.1145516347759317
9,134,1787,2018,1,0.1160323567909769
9,134,1788,2018,1,0.1022926212425822
9,134,1789,2018,1,0.1198717956542968
9,134,1903,2018,1,0.1282513217381655
9,134,1904,2018,1,0.1957399655131253
9,134,1905,2018,1,0.0673752068287104
9,134,1906,2018,1,0.1985110711998934
9,134,2078,2018,1,0.2676891423739506
9,134,2095,2018,1,0.115289457142353
9,134,2144,2018,1,0.7211616039276123
9,134,2146,2018,1,0.1164274290204048
9,134,2184,2018,1,0.2701421678066253
9,134,2220,2018,1,0.2721563279628753
9,134,2231,2018,1,0.1065381616353988
9,134,2247,2018,1,0.1750527322292328
9,135,1008,2018,1,0.1282251862556703
9,135,1381,2018,1,0.0946264561918592
9,135,1382,2018,1,0.0994627455125968
9,135,1383,2018,1,0.122712931170813
9,135,1384,2018,1,0.1059091313680013
9,135,1385,2018,1,0.1411060977291751
9,135,1386,2018,1,0.1047860356164791
9,135,1387,2018,1,0.1475036861179592
9,135,1388,2018,1,0.0931142778957591
9,135,1389,2018,1,0.0842981156133559
9,135,1390,2018,1,0.0811638465294471
9,135,1396,2018,1,0.0560022799956149
9,135,1665,2018,1,0.1515530545946578
9,135,1667,2018,1,0.2022179942711441
9,135,1668,2018,1,0.1838356826348514
9,135,1838,2018,1,0.140359615457469
9,135,1839,2018,1,0.1553468060429089
9,135,2018,2018,1,0.1622769723341187
9,135,2261,2018,1,0.0623987019062042
9,135,2262,2018,1,0.2525547444820404
9,135,2301,2018,1,0.2096618413925171
9,135,2307,2018,1,0.0877192988991737
9,135,2327,2018,1,0.0446329750120639
9,136,558,2018,1,0.2281222463081387
9,136,994,2018,1,0.1345663331562262
9,136,1187,2018,1,0.1167999368534196
9,136,1188,2018,1,0.11002453576402
9,136,1284,2018,1,0.0692868691036793
9,136,1285,2018,1,0.0801096907058082
9,136,1391,2018,1,0.0707594546123265
9,136,1551,2018,1,0.1064929829396117
9,136,1678,2018,1,0.1085615963796683
9,136,1680,2018,1,0.1308456047485229
9,136,1681,2018,1,0.0970543430792541
9,136,1682,2018,1,0.2230389831931727
9,136,1683,2018,1,0.0654601472796815
9,136,1686,2018,1,0.3133910573498353
9,136,1886,2018,1,0.0826579350343025
9,136,2048,2018,1,0.2528855288840089
9,136,2049,2018,1,0.1906111561168323
9,136,2050,2018,1,0.2477864171728233
9,136,2051,2018,1,0.1576881731970835
9,136,2052,2018,1,0.2216849862810662
9,136,2053,2018,1,0.1712725758552551
9,136,2098,2018,1,-0.0166288744658231
9,136,2158,2018,1,0.0561990551650524
9,137,1051,2018,1,0.1061451711713897
9,137,1066,2018,1,0.1667615331784643
9,137,1775,2018,1,0.0954086363863851
9,137,1777,2018,1,0.0956728055879667
9,137,1785,2018,1,0.2504869896355417
9,137,2000,2018,1,0.5092391754318567
9,137,2196,2018,1,0.099342331290245
9,137,2198,2018,1,0.3808135092258453
9,137,2237,2018,1,0.1671150922775268
9,137,2274,2018,1,0.4940083622932434
9,137,2292,2018,1,0.1681012660264969
9,138,1770,2018,1,0.1177736524457902
9,138,1773,2018,1,0.1166543686351837
9,138,1827,2018,1,0.1458842469281009
9,138,1828,2018,1,0.2954720945417348
9,138,2064,2018,1,0.1704603466309811
9,138,2066,2018,1,0.1547646333862194
9,138,2093,2018,1,0.0599999986588954
9,138,2166,2018,1,0.0475006215274333
9,138,2222,2018,1,0.058064516633749
9,138,2268,2018,1,0.0577815249562263
9,138,2325,2018,1,0.1458665877580642
9,139,989,2018,1,0.4576507613496302
9,139,991,2018,1,0.5060549759970457
9,139,1002,2018,1,0.3753643920950404
9,139,1093,2018,1,0.1892653584243545
9,139,1768,2018,1,0.0438432861102278
9,139,1769,2018,1,0.1505500335906173
9,139,1771,2018,1,0.2263130757346082
9,139,1772,2018,1,0.2478850689302121
9,139,2001,2018,1,0.365332556202449
9,139,2063,2018,1,0.1384427151699298
9,139,2102,2018,1,0.218490719795227
9,139,2106,2018,1,0.0532315224409103
9,139,2189,2018,1,0.6989760994911194
9,139,2211,2018,1,0.7418824434280396
9,139,2212,2018,1,0.2733666598796844
9,139,2226,2018,1,0.3758842051029205
9,139,2258,2018,1,0.1648603081703186
9,139,2270,2018,1,0.3283941447734833
9,139,2271,2018,1,0.4015950560569763
9,139,2277,2018,1,0.1212121248245239
9,140,523,2018,1,0.6331217604036007
9,140,525,2018,1,0.549733763322213
9,140,526,2018,1,0.6420315753451068
9,140,527,2018,1,0.6300297333679783
9,140,528,2018,1,0.6768933019312579
9,140,529,2018,1,0.6284613751677289
9,140,531,2018,1,0.6211442877593888
9,140,540,2018,1,0.6509939408096181
9,140,659,2018,1,0.6179996107856143
9,140,926,2018,1,0.6540443112296068
9,140,1052,2018,1,0.5421194255109396
9,140,1053,2018,1,0.5499854379714244
9,140,1054,2018,1,0.70194282042839
9,140,1055,2018,1,0.6036876361903033
9,140,1056,2018,1,0.5808100734414325
9,140,1057,2018,1,0.710030242213721
9,140,1774,2018,1,0.1170617958768275
9,140,1780,2018,1,0.6607916792586905
9,140,1781,2018,1,0.2275067067285727
9,140,1782,2018,1,0.5129806305751907
9,140,1783,2018,1,0.2898545147396952
9,140,2133,2018,1,0.3125720918178558
9,140,2141,2018,1,0.7530243396759033
9,140,2179,2018,1,0.7442010045051575
9,140,2221,2018,1,0.0651065111160278
9,140,2244,2018,1,0.383354902267456
9,140,2326,2018,1,0.1985949724912643
9,140,2328,2018,1,0.1619638800621032
9,141,595,2018,1,0.405775308765144
9,141,601,2018,1,0.1578140190323063
9,141,927,2018,1,0.3795834729271213
9,141,928,2018,1,0.3007983639300219
9,141,998,2018,1,0.2541730699523827
9,141,1087,2018,1,0.3252493113480246
9,141,1088,2018,1,0.4401579826108871
9,141,1323,2018,1,0.1932340930833954
9,141,1324,2018,1,0.0600560369273374
9,141,1552,2018,1,0.1154303388633275
9,141,1553,2018,1,0.3626350416141694
9,141,1885,2018,1,0.1220695454365498
9,141,2140,2018,1,0.0409764610230922
9,143,559,2018,1,0.2427256625631581
9,143,564,2018,1,0.2436196722566284
9,143,565,2018,1,0.3383932595354333
9,143,566,2018,1,0.2811297768387916
9,143,593,2018,1,0.3145120336198096
9,143,594,2018,1,0.1251647898164667
9,143,674,2018,1,0.2864812064312266
9,143,881,2018,1,0.2444681033885899
9,143,1007,2018,1,0.2360510874602754
9,143,1844,2018,1,0.1467361275075315
9,143,1995,2018,1,0.3283061063960941
9,143,2154,2018,1,0.1076646447181701
9,143,2168,2018,1,0.4748603403568268
9,144,561,2018,1,0.2610037625551338
9,144,562,2018,1,0.039227105045826
9,144,563,2018,1,0.2734623134993183
9,144,673,2018,1,0.2105786855391371
9,144,872,2018,1,0.2956042313162658
9,144,873,2018,1,0.3013299929734508
9,144,874,2018,1,0.1015289077949365
9,144,875,2018,1,0.1867023703568251
9,144,1834,2018,1,0.3018032244972769
9,144,2016,2018,1,0.2422686932015154
9,145,557,2018,1,0.0468910516553306
9,145,567,2018,1,0.214918492815455
9,145,600,2018,1,0.0996638041370815
9,145,954,2018,1,0.1085551700790035
9,145,955,2018,1,0.0761159349616855
9,145,1664,2018,1,0.2207805393974562
9,145,1939,2018,1,0.1687779701362222
9,145,1940,2018,1,0.072750327959635
9,145,1960,2018,1,0.0546898270929138
9,145,2204,2018,1,0.1219512224197387
9,145,2279,2018,1,0.03654320910573
9,146,688,2018,1,0.0904459539279385
9,146,1434,2018,1,0.0608534733893462
9,146,1436,2018,1,0.0667718160066673
9,146,1961,2018,1,0.0899034585414161
9,146,2193,2018,1,0.048028115183115
9,146,2249,2018,1,0.0792388543486595
9,147,602,2018,1,0.0706866742785932
9,147,1614,2018,1,0.0768738421160971
9,147,1662,2018,1,0.0725352658936329
9,148,473,2018,1,0.0569222569465637
9,148,1071,2018,1,0.0609081420898437
9,148,1380,2018,1,0.0890113281912525
9,148,1685,2018,1,0.0578031420408932
9,148,1728,2018,1,0.0519360107253385
9,148,1729,2018,1,0.0713902371976299
9,148,1730,2018,1,0.0554041679088885
9,148,1733,2018,1,0.0914526289787845
9,148,1800,2018,1,0.0552708679311518
9,148,1888,2018,1,0.0608908865592273
12,149,836,2018,1,0.2506899397069633
12,149,1596,2018,1,0.1573761045185556
12,149,1597,2018,1,0.1003917830330985
12,149,1628,2018,1,0.1398322230702578
12,149,1629,2018,1,0.2319246927897135
12,149,1630,2018,1,0.1479522443728641
12,149,1631,2018,1,0.2646726282631478
12,149,2302,2018,1,0.3222683370113373
12,149,2303,2018,1,0.079651728272438
12,150,621,2018,1,0.128326793108382
12,150,629,2018,1,0.1296226004877034
12,150,630,2018,1,0.1354922572838717
12,150,643,2018,1,0.1411113508830108
12,150,644,2018,1,0.2455544126408764
12,150,950,2018,1,0.2128067043212635
12,150,1108,2018,1,0.1363725224706915
12,150,1993,2018,1,0.2865355422157076
12,151,622,2018,1,0.2300550417792528
12,151,642,2018,1,0.1676389938227432
12,151,1412,2018,1,0.1653810918898809
12,152,623,2018,1,0.2593913808230508
12,152,624,2018,1,0.1865760623000738
12,152,640,2018,1,0.1525250468070172
12,152,641,2018,1,0.1609395152390605
5,153,21,2018,1,0.2075222096544631
5,153,22,2018,1,0.2626436921852474
5,153,36,2018,1,0.310273634648956
5,153,37,2018,1,0.2922031261726959
5,153,41,2018,1,0.1893747328338733
5,153,43,2018,1,0.1824444863708877
5,153,44,2018,1,0.2683959054474783
5,153,658,2018,1,0.3156119728487048
5,153,1120,2018,1,0.1441556583751331
5,153,1219,2018,1,0.25312542314289
5,153,1962,2018,1,0.1333699312244429
5,153,2264,2018,1,0.1195490956306457
5,154,24,2018,1,0.3795566751499368
5,154,25,2018,1,0.3617797570725891
5,154,26,2018,1,0.305709388185654
5,154,27,2018,1,0.3578878512048417
5,154,45,2018,1,0.2125054454198599
5,154,46,2018,1,0.2222573311395035
5,154,47,2018,1,0.1877384286144072
5,154,207,2018,1,0.3226602483173384
5,154,1545,2018,1,0.2129253448649523
5,154,1546,2018,1,0.3556812339557412
5,154,1547,2018,1,0.3891517170314682
5,154,1548,2018,1,0.2046995534376872
5,154,1549,2018,1,0.1833841260342541
5,154,1963,2018,1,0.1147075303652074
4,155,165,2018,1,0.2396175144435642
4,155,193,2018,1,0.1796825249385471
4,155,900,2018,1,0.3467544733636433
4,155,1042,2018,1,0.1698334930675811
4,155,1043,2018,1,0.2824368158976237
4,155,1253,2018,1,0.1540503767310085
4,156,191,2018,1,0.1910316896854555
4,156,845,2018,1,0.2534158579777009
4,156,1074,2018,1,0.1173470160151739
4,156,1240,2018,1,0.1368857233626664
4,156,1241,2018,1,0.1611764109969353
4,156,1242,2018,1,0.1702501522867303
4,156,1243,2018,1,0.1884093973199138
4,156,1245,2018,1,0.2036196235044819
4,156,1246,2018,1,0.0989897551359953
4,156,1247,2018,1,0.2081683433219178
4,156,1254,2018,1,0.1967152826012093
4,156,1672,2018,1,0.1790462645018945
4,156,1673,2018,1,0.2603598273401235
4,156,1868,2018,1,0.2045860591574478
4,156,1869,2018,1,0.1709952277106207
4,157,194,2018,1,0.2504968617343644
4,157,891,2018,1,0.0657713684854628
4,157,1075,2018,1,0.2316006747159091
4,157,1175,2018,1,0.2797714167343073
4,157,1248,2018,1,0.2129960221318668
4,157,1252,2018,1,0.2482000102555562
4,157,1862,2018,1,0.2526265478594127
4,157,1863,2018,1,0.2235608268246218
4,158,161,2018,1,0.2434285366697009
4,158,162,2018,1,0.2421358738145682
4,158,163,2018,1,0.2738072730617327
4,158,195,2018,1,0.103572272555732
4,158,1158,2018,1,0.083868722974157
4,158,1875,2018,1,0.0788160972988482
4,158,1876,2018,1,0.0874770961151265
4,158,1877,2018,1,0.1137073382452574
4,158,1990,2018,1,0.063994940589456
4,158,1991,2018,1,0.0709331623022107
4,158,2081,2018,1,0.1069651767611503
4,159,164,2018,1,0.3164368729929026
4,159,201,2018,1,0.2418628896705407
4,159,210,2018,1,0.2400202361497422
4,159,1174,2018,1,0.1957705614328247
4,159,1251,2018,1,0.22820349142585
4,159,1404,2018,1,0.2870787398204178
4,159,1405,2018,1,0.2536452318274456
4,159,1406,2018,1,0.2775707848816809
4,159,1992,2018,1,0.1600413585634339
4,160,159,2018,1,0.30236776544053
4,160,160,2018,1,0.1902521956923696
4,160,178,2018,1,0.2065377315032902
4,160,1041,2018,1,0.1808120475327673
4,160,1228,2018,1,0.1701809511346332
4,160,1229,2018,1,0.1487991922403098
4,160,1230,2018,1,0.1092635740375695
4,160,1803,2018,1,0.2846931316607231
4,160,1804,2018,1,0.1013194159638109
3,161,98,2018,1,0.308418318334364
3,161,131,2018,1,0.3184597460232037
3,161,132,2018,1,0.2944720923781156
3,161,143,2018,1,0.3680023866269384
3,161,896,2018,1,0.2784642570347498
3,161,1046,2018,1,0.2838733863998025
3,161,1163,2018,1,0.322271816668189
3,161,1164,2018,1,0.3797462350629233
3,161,1220,2018,1,0.3139675515447017
3,161,1443,2018,1,0.2417961853736305
3,161,1444,2018,1,0.3917515017468182
3,161,1446,2018,1,0.3755153487630517
3,161,1725,2018,1,0.167668366137846
3,161,1726,2018,1,0.3819423681884359
3,162,99,2018,1,0.1906588145107544
3,162,100,2018,1,0.1324346799116868
3,162,1040,2018,1,0.1010499956246271
3,162,1450,2018,1,0.0740002815895368
3,162,1451,2018,1,0.1249086191516257
3,162,1452,2018,1,0.2109661926066756
3,162,2174,2018,1,0.0574831701815128
3,162,2227,2018,1,0.2861476242542267
3,163,125,2018,1,0.1525318710314672
3,163,126,2018,1,0.111154938694252
3,163,134,2018,1,0.1602900770844006
3,163,1037,2018,1,0.1381417822650098
3,163,1039,2018,1,0.2086387840477196
3,163,1378,2018,1,0.2256741749543001
3,163,1403,2018,1,0.4801000360434739
3,163,1407,2018,1,0.2061141437719419
3,163,2067,2018,1,0.3084267025902157
3,163,2068,2018,1,0.3759878365723049
3,164,127,2018,1,0.1988367087832104
3,164,128,2018,1,0.3100694371913065
3,164,129,2018,1,0.3566559922271574
3,164,130,2018,1,0.2620762582060955
3,164,1028,2018,1,0.2734415812849579
3,164,1038,2018,1,0.3246070444185998
3,164,1249,2018,1,0.1702387790604768
3,164,1250,2018,1,0.1816401428615509
3,164,1377,2018,1,0.1357384359301122
3,164,1401,2018,1,0.2841766407642793
3,164,1402,2018,1,0.4068733392759811
3,164,2205,2018,1,0.1046590134501457
3,165,112,2018,1,0.1557867362221812
3,165,113,2018,1,0.2831930327833744
3,165,114,2018,1,0.3342167194073017
3,165,115,2018,1,0.1850005112125375
3,165,672,2018,1,0.2705613981503554
3,165,1034,2018,1,0.3602538815519094
3,165,1902,2018,1,0.2305923736024045
3,165,1987,2018,1,0.4012283060649738
3,165,1988,2018,1,0.2784579023283731
3,166,111,2018,1,0.059010655426782
3,166,1901,2018,1,0.1370761806552822
3,167,117,2018,1,0.2791623856234491
3,167,123,2018,1,0.1444546724340729
3,167,124,2018,1,0.1705019225433541
3,167,137,2018,1,0.2280251701333244
3,168,116,2018,1,0.2553927052611487
3,168,118,2018,1,0.305974962407136
3,168,119,2018,1,0.311489895075507
3,168,120,2018,1,0.2499737042212203
3,168,121,2018,1,0.2496587669830074
3,168,135,2018,1,0.2766820183848073
3,168,136,2018,1,0.3120071476324925
3,168,203,2018,1,0.3654021486711274
3,168,1035,2018,1,0.1190098442888389
3,168,1036,2018,1,0.0978699348590992
3,168,1611,2018,1,0.2984175724383662
3,169,72,2018,1,0.3605754330283717
3,169,80,2018,1,0.5027665438717359
3,169,138,2018,1,0.3036658853865189
3,169,1159,2018,1,0.2292479096556739
3,169,1160,2018,1,0.1465112484092735
3,169,1161,2018,1,0.1984241118490945
3,169,1878,2018,1,0.2813353196491034
3,169,1879,2018,1,0.1211749028371143
3,169,1891,2018,1,0.3164507746257548
3,169,2012,2018,1,0.3857515128603893
3,169,2187,2018,1,0.0374662019312381
3,169,2256,2018,1,0.046312179416418
3,169,2312,2018,1,0.1514947861433029
3,170,154,2018,1,0.5882371859857507
3,170,1890,2018,1,0.1713654555283583
3,170,1892,2018,1,0.1855560338935535
3,171,122,2018,1,0.3564898632765105
3,171,1445,2018,1,0.4356129421111938
3,171,1833,2018,1,0.3548696522081752
3,171,1986,2018,1,0.4115405326372247
9,172,560,2018,1,0.3211367098770478
9,172,588,2018,1,0.396587587391514
9,172,589,2018,1,0.2026281341824499
9,172,590,2018,1,0.2414670861285665
9,172,1952,2018,1,0.3403599717881944
9,172,1998,2018,1,0.2580896698767897
9,172,2015,2018,1,0.3742784525361088
3,173,81,2018,1,0.1591030601160087
3,173,82,2018,1,0.4031496822207796
3,173,83,2018,1,0.1858630710177951
3,173,84,2018,1,0.2703214296571011
3,173,96,2018,1,0.2798228568771258
3,173,97,2018,1,0.2125767878241154
3,173,144,2018,1,0.0887616325827205
3,173,145,2018,1,0.1517591803172863
3,173,146,2018,1,0.2448519994964767
3,173,147,2018,1,0.1854824356968627
3,173,148,2018,1,0.3805159336544689
3,173,149,2018,1,0.352027054729343
3,173,150,2018,1,0.3081687232710822
3,173,151,2018,1,0.2303111683238636
3,173,208,2018,1,0.429070420152559
3,173,209,2018,1,0.3983212807267728
3,173,1138,2018,1,0.2161521008356254
3,174,85,2018,1,0.2589450065968675
3,174,90,2018,1,0.2445608577593092
3,174,92,2018,1,0.216281748863582
3,174,155,2018,1,0.350785149712909
3,174,202,2018,1,0.3454809708215656
3,174,587,2018,1,0.159570958104993
3,174,591,2018,1,0.380856967580844
3,174,592,2018,1,0.2756497864086871
3,174,675,2018,1,0.2490204980786785
3,174,1139,2018,1,0.1702242053633451
3,175,86,2018,1,0.2371159964656026
3,175,87,2018,1,0.3252013192403636
3,175,88,2018,1,0.4519603786966987
3,175,89,2018,1,0.3501983710370787
3,175,95,2018,1,0.4397278189950203
3,175,156,2018,1,0.2738214177642603
3,175,1044,2018,1,0.3129503373952738
3,175,1135,2018,1,0.2819449332193789
3,175,1136,2018,1,0.3314516064832505
3,175,1137,2018,1,0.3213205848786006
3,176,91,2018,1,0.4901814088983051
3,176,93,2018,1,0.4372304565809969
3,176,94,2018,1,0.4074397840427452
3,176,133,2018,1,0.3914239223353027
3,176,895,2018,1,0.3493087012231024
3,176,1133,2018,1,0.3154928190707849
3,176,1134,2018,1,0.2902664997111648
3,176,1208,2018,1,0.3295705736467543
3,176,1209,2018,1,0.3383928978336487
3,176,1790,2018,1,0.2786861596999777
3,176,1791,2018,1,0.346621179182499
3,179,75,2018,1,0.1117136479327515
3,179,892,2018,1,0.1009535373911848
3,179,1027,2018,1,0.0885178575484063
3,179,1176,2018,1,0.1471923328116272
3,179,1330,2018,1,0.3089253623712153
3,179,1331,2018,1,0.1388172980164249
3,180,78,2018,1,0.2433241511998551
3,180,79,2018,1,0.2359017316032858
3,180,152,2018,1,0.2306049948206859
3,180,153,2018,1,0.1269635226991441
3,181,73,2018,1,0.2366977414457855
3,181,74,2018,1,0.0582504224051073
3,181,76,2018,1,0.2328167570739233
3,181,676,2018,1,0.0965313948212062
3,181,1140,2018,1,0.3999563397514102
3,181,1332,2018,1,0.072705892416147
3,181,1333,2018,1,0.1267341903493374
3,181,1334,2018,1,0.0694390293836335
3,181,1336,2018,1,0.3781738006161972
3,181,1337,2018,1,0.1712134310133068
3,181,1447,2018,1,0.0582228393554687
3,181,1866,2018,1,0.0743599367986362
3,181,1867,2018,1,0.0805259530835516
3,181,2017,2018,1,0.1006308456310059
3,183,1328,2018,1,0.1989657463040388
3,183,1329,2018,1,0.204125131219498
3,184,77,2018,1,0.2920234451117747
3,184,1335,2018,1,0.2990577164843059
3,184,1338,2018,1,0.1634180602830074
4,185,170,2018,1,0.3730670341312418
4,185,198,2018,1,0.387797832812147
4,185,854,2018,1,0.4566489960830227
4,185,1073,2018,1,0.1028200424101799
4,185,1649,2018,1,0.171422291723737
4,185,2143,2018,1,0.0222782678902149
4,185,2215,2018,1,0.0224291160702705
4,188,179,2018,1,0.1569728851318359
4,188,1144,2018,1,0.3012422160435134
3,189,141,2018,1,0.3020354531028054
3,189,887,2018,1,0.2894685762422578
3,189,888,2018,1,0.3861159650982368
3,189,1153,2018,1,0.1875644601285307
3,189,1237,2018,1,0.2434979266916824
3,189,1238,2018,1,0.3435862799110653
3,189,1239,2018,1,0.2854993508902077
3,189,2132,2018,1,0.0839369371533393
3,189,2138,2018,1,0.0355987064540386
4,190,1234,2018,1,0.0605930540296766
4,190,1235,2018,1,0.3252690403198462
4,190,1236,2018,1,0.3378979159188801
4,190,1660,2018,1,0.2617043875388317
3,191,101,2018,1,0.15292754417242
3,191,108,2018,1,0.3682168496621621
3,191,109,2018,1,0.2216378795894688
3,191,110,2018,1,0.4279524502134449
3,191,139,2018,1,0.2659503772013211
3,191,140,2018,1,0.3337540165070564
3,191,142,2018,1,0.3328600984240633
3,191,1165,2018,1,0.3176811511282561
3,191,1166,2018,1,0.2983159785049812
3,191,1167,2018,1,0.3035497535947221
3,191,1448,2018,1,0.1586125074927486
3,191,1449,2018,1,0.2673296644263921
3,191,2281,2018,1,0.1579341292381286
4,192,102,2018,1,0.1657626533224891
4,192,103,2018,1,0.2342238291776793
4,192,104,2018,1,0.1970905401767828
4,192,105,2018,1,0.34996337890625
4,192,106,2018,1,0.2831498616089805
4,192,107,2018,1,0.2268265210665189
4,192,157,2018,1,0.2199587285668568
4,192,158,2018,1,0.1660716888219259
4,192,168,2018,1,0.2513765694540362
4,192,899,2018,1,0.2956637400819346
4,193,166,2018,1,0.2244013863395775
4,193,182,2018,1,0.1070296077404992
4,193,183,2018,1,0.2237805453213778
4,193,184,2018,1,0.2736094509228767
4,193,185,2018,1,0.2174150385755173
4,193,843,2018,1,0.2868811802248268
4,193,844,2018,1,0.2257383736779995
4,193,893,2018,1,0.2828882417599002
4,193,1116,2018,1,0.3242284662915075
4,193,1177,2018,1,0.1821510358115021
4,193,1178,2018,1,0.2728203029969178
4,193,1231,2018,1,0.2551272252490479
4,193,1291,2018,1,0.1798828931955191
4,193,1421,2018,1,0.4444405369504669
4,193,1520,2018,1,0.1862686568076862
4,193,1676,2018,1,0.130237442126377
4,193,1677,2018,1,0.1592858781866311
4,193,2114,2018,1,0.1783317327499389
4,194,865,2018,1,0.2489210468569642
4,194,866,2018,1,0.1008801450407316
4,194,898,2018,1,0.1132619986262346
4,194,1232,2018,1,0.1770695495605468
4,194,1233,2018,1,0.2360608398886907
4,195,169,2018,1,0.1055590725876997
4,195,1157,2018,1,0.0781504467373692
4,195,1425,2018,1,0.1134547183388157
4,195,1426,2018,1,0.0974609332377684
4,196,1370,2018,1,0.2289059063619818
4,196,1371,2018,1,0.2283587661086087
4,196,1372,2018,1,0.2076618807303473
4,196,1373,2018,1,0.3135612274454373
4,196,1374,2018,1,0.1592808881682665
4,196,1659,2018,1,0.076198140903154
4,196,1661,2018,1,0.1741380117471935
4,196,2080,2018,1,0.2474012342105616
4,197,174,2018,1,0.0824434514631304
4,197,177,2018,1,0.1376202017228233
4,197,197,2018,1,0.2845606789660098
4,197,1693,2018,1,0.1598453982440745
4,197,1694,2018,1,0.0957318163196718
4,198,199,2018,1,0.0985462430357809
4,198,832,2018,1,0.1408769733696322
4,198,1045,2018,1,0.3134839885894644
4,198,1141,2018,1,0.1832556237979811
4,198,1142,2018,1,0.3481801021347979
4,198,1143,2018,1,0.2308179454102151
4,198,2054,2018,1,0.1377377844362713
4,198,2055,2018,1,0.1202001493485247
4,199,192,2018,1,0.2093760372615067
4,199,200,2018,1,0.108628092726616
4,199,1145,2018,1,0.2130952012313125
4,199,2023,2018,1,0.1316999450443297
4,199,2024,2018,1,0.1793216447169663
4,199,2025,2018,1,0.1709311225197532
4,200,175,2018,1,0.3089501795218738
4,200,176,2018,1,0.1969482883455588
4,200,186,2018,1,0.1625751428053841
4,200,2026,2018,1,0.1744234906548339
4,200,2027,2018,1,0.0891305337220559
4,201,1080,2018,1,0.1697837378669921
4,201,1399,2018,1,0.1344131142056687
4,202,190,2018,1,0.1348302897064249
4,202,1029,2018,1,0.1144792100657587
4,202,1030,2018,1,0.1365839252557455
4,202,1031,2018,1,0.0868842134770658
4,202,1032,2018,1,0.0948329542937341
4,202,1033,2018,1,0.078451182985086
4,202,1078,2018,1,0.1728884939005892
4,202,1079,2018,1,0.0761357542578372
4,202,1147,2018,1,0.1286858963092584
4,202,1148,2018,1,0.1661818444163089
4,202,1149,2018,1,0.0931417174258474
4,202,1150,2018,1,0.0960428278009454
4,202,1151,2018,1,0.1050243967587186
4,202,1152,2018,1,0.0966429545729827
4,203,187,2018,1,0.1748796314720174
4,203,1076,2018,1,0.1085283020396291
4,203,1146,2018,1,0.1573828056310917
4,203,1624,2018,1,0.1323439519208176
4,203,1625,2018,1,0.219403803743274
4,203,1897,2018,1,0.3119523186488004
4,203,2083,2018,1,0.1746965795755386
4,204,1077,2018,1,0.1268579688056672
4,204,1114,2018,1,0.2437071411166806
4,204,1898,2018,1,0.211995332227464
4,205,180,2018,1,0.210907074759479
4,205,181,2018,1,0.0642737420643506
4,205,204,2018,1,0.109254305331591
4,205,205,2018,1,0.1572190598739774
4,205,894,2018,1,0.1309537499518341
4,205,1162,2018,1,0.2367204938616071
4,205,1244,2018,1,0.3257034062090969
4,205,1432,2018,1,0.039660042478838
4,205,2082,2018,1,0.0209302324801683
4,206,167,2018,1,0.1089373997279575
4,206,171,2018,1,0.2072270932404891
4,206,1024,2018,1,0.2290931543682437
4,206,1025,2018,1,0.1913184879710839
4,206,1026,2018,1,0.1317569047976763
4,206,1119,2018,1,0.2887306802547488
4,206,1179,2018,1,0.2777995535350032
4,206,1180,2018,1,0.2697402106391059
4,206,1420,2018,1,0.236602783203125
4,206,1422,2018,1,0.1294356923560573
4,206,1423,2018,1,0.3135079543190615
4,206,1424,2018,1,0.305391761739418
4,206,1761,2018,1,0.1642830760364428
4,206,2238,2018,1,0.1818181872367859
4,207,173,2018,1,0.1300418849067641
4,207,188,2018,1,0.1356718804332214
4,207,189,2018,1,0.2453559921356384
4,207,196,2018,1,0.1153322814049896
4,207,206,2018,1,0.30398885693412
4,207,1115,2018,1,0.2511928353203506
4,208,172,2018,1,0.1013740307183435
4,208,1117,2018,1,0.1649858654054821
4,208,1118,2018,1,0.2905079372108743
4,208,1567,2018,1,0.2476369563095825
4,208,1762,2018,1,0.0869969159171104
1,209,753,2018,1,0.1704015628293287
1,209,1873,2018,1,0.1915993203922193
1,209,1874,2018,1,0.0910026424038212
1,211,1528,2018,1,0.1741749533952727
1,212,1017,2018,1,0.0992733432400611
1,212,1168,2018,1,0.2456483049567071
1,212,1523,2018,1,0.0508243641312329
1,212,1524,2018,1,0.149478730868263
1,212,1525,2018,1,0.0747586759122403
1,212,1526,2018,1,0.1478311339421058
1,212,1527,2018,1,0.1205058919972386
1,213,738,2018,1,0.1735803989016956
1,214,750,2018,1,0.1736774934619761
1,214,751,2018,1,0.1354861666232897
1,214,754,2018,1,0.1959909456201707
1,214,755,2018,1,0.1040177151088801
1,214,756,2018,1,0.2607407047250176
1,214,757,2018,1,0.1812273782705415
1,214,758,2018,1,0.1963467514305784
1,214,911,2018,1,0.2617132609322567
1,214,1657,2018,1,0.1023122795804619
1,214,1658,2018,1,0.2799493696199217
1,215,759,2018,1,0.0887391837059725
1,215,1521,2018,1,0.1137476228081485
1,216,760,2018,1,0.0786184159117174
1,216,761,2018,1,0.1336278847768797
1,216,1522,2018,1,0.1731345339190087
1,217,788,2018,1,0.1498736182531446
1,218,778,2018,1,0.0759677604231622
1,218,784,2018,1,0.1602600834499182
1,218,785,2018,1,0.0619407971022225
1,218,851,2018,1,0.1116201911605887
1,218,858,2018,1,0.1321645469275911
1,219,739,2018,1,0.1982671192714146
1,219,740,2018,1,0.1916921536841127
1,219,749,2018,1,0.1098283589917376
1,219,1650,2018,1,0.2216343713417604
1,220,741,2018,1,0.0906509272012484
1,220,742,2018,1,0.0594889142296531
1,220,752,2018,1,0.1134806581886491
1,220,912,2018,1,0.1579943630622675
1,220,1048,2018,1,0.0727099672953287
1,220,1210,2018,1,0.0699789136755767
1,220,1973,2018,1,0.1793646449063836
1,220,2028,2018,1,0.2171736673271285
1,220,2029,2018,1,0.2340584523501371
1,221,705,2018,1,0.0631893619076236
1,221,820,2018,1,0.165181856746021
1,221,826,2018,1,0.0512358635029894
1,221,827,2018,1,0.1428424262012224
1,221,1455,2018,1,0.0729483696469536
1,221,1465,2018,1,0.1173746493174414
1,221,1466,2018,1,0.1575327138791139
1,221,1705,2018,1,0.0363990506347344
1,221,1706,2018,1,0.0936428189455308
1,221,2311,2018,1,0.0626649111509323
1,222,1456,2018,1,0.1080767207454291
1,222,1457,2018,1,0.0853866534938785
1,222,1458,2018,1,0.134995337314293
1,222,1459,2018,1,0.1027867851174215
1,222,1460,2018,1,0.0888322057197991
1,222,1461,2018,1,0.0545370700995783
1,222,1462,2018,1,0.0751205302299337
1,222,1463,2018,1,0.0402684867767305
1,222,1464,2018,1,0.0799116686828683
1,222,1467,2018,1,0.0544936335872442
1,222,1468,2018,1,0.0655685184009843
1,222,2161,2018,1,0.0501818172633647
1,223,706,2018,1,0.1087637714955998
1,223,707,2018,1,0.1196341956569093
1,223,745,2018,1,0.1199098679734961
1,223,746,2018,1,0.0859694452113069
1,223,786,2018,1,0.0820214474787477
1,223,787,2018,1,0.1210805712248149
1,223,880,2018,1,0.0754127037234422
1,223,2260,2018,1,0.0218878258019685
1,224,1325,2018,1,0.0568575125119116
1,224,1970,2018,1,0.1626498191733706
1,224,1971,2018,1,0.133319720099954
1,224,1974,2018,1,0.1010503030616093
1,225,708,2018,1,0.158322772031603
1,225,709,2018,1,0.1619797954965897
1,225,720,2018,1,0.2357891161533231
1,225,721,2018,1,0.2227139937748547
1,225,722,2018,1,0.1991673251350618
1,225,725,2018,1,0.1768912772193831
1,225,726,2018,1,0.1348979610423143
1,225,727,2018,1,0.2048779369825386
1,225,728,2018,1,0.1566957335232356
1,225,729,2018,1,0.2232701266139312
1,225,730,2018,1,0.1049695226246725
1,225,731,2018,1,0.1700663490900917
1,225,732,2018,1,0.1715044637364665
1,225,733,2018,1,0.129626225229178
1,225,734,2018,1,0.1487467045044348
1,225,735,2018,1,0.1951908431029672
1,225,773,2018,1,0.1909434804070474
1,225,774,2018,1,0.1644819325566591
1,225,776,2018,1,0.2121526930067274
1,225,777,2018,1,0.1517454935405068
1,225,909,2018,1,0.2117751120802326
1,225,910,2018,1,0.17721437726702
1,225,1860,2018,1,0.1324367112379807
1,225,1861,2018,1,0.1235642840871137
1,225,1977,2018,1,0.1979922357006607
1,225,1978,2018,1,0.2310224889325206
1,225,2030,2018,1,0.1622175361660578
1,225,2031,2018,1,0.1036734087713833
1,225,2278,2018,1,0.102738119661808
1,226,770,2018,1,0.1481648568184145
1,226,771,2018,1,0.1252956318944581
1,226,772,2018,1,0.0552200329341111
1,226,828,2018,1,0.0912227067744326
1,227,743,2018,1,0.1094640295751015
1,227,744,2018,1,0.1345657295834234
1,227,779,2018,1,0.188517432428385
1,227,1814,2018,1,0.1189171524857887
1,227,1823,2018,1,0.1941958708874485
1,227,1824,2018,1,0.2445024311213203
1,227,2002,2018,1,0.1920667280146666
1,227,2172,2018,1,0.1220572292804718
1,228,694,2018,1,0.1278778187279562
1,228,695,2018,1,0.1571742817506951
1,228,697,2018,1,0.15775061855797
1,228,698,2018,1,0.1224779347045059
1,228,699,2018,1,0.1499274104249243
1,228,700,2018,1,0.1642199205548575
1,228,701,2018,1,0.1924246784606715
1,228,702,2018,1,0.1944233797852845
1,228,703,2018,1,0.2906187762417504
1,228,704,2018,1,0.203398681640625
1,228,723,2018,1,0.1901264687944823
1,228,724,2018,1,0.1400485854765034
1,228,736,2018,1,0.1876622381788469
1,228,737,2018,1,0.1758877210636409
1,228,775,2018,1,0.2781660143874525
1,228,879,2018,1,0.1726921292299723
1,228,1801,2018,1,0.1155261814033723
1,228,1802,2018,1,0.0831686166616586
1,229,792,2018,1,0.0737544860417747
1,229,1345,2018,1,0.0782695672450921
1,229,1481,2018,1,0.1320555822145893
1,229,1536,2018,1,0.0936165210432116
1,229,1537,2018,1,0.0862202891227185
1,229,2153,2018,1,0.2650494277477264
1,230,808,2018,1,0.0738178571065266
1,230,821,2018,1,0.212308195383464
1,230,822,2018,1,0.0704021389419968
1,230,823,2018,1,0.1032651328724217
1,230,824,2018,1,0.0531400839487711
1,230,825,2018,1,0.1319112537287864
1,230,1357,2018,1,0.172337092909702
1,230,1653,2018,1,0.2264919424415531
1,230,1654,2018,1,0.14898467782334
1,230,2273,2018,1,0.0444723218679428
1,231,696,2018,1,0.082204730149024
1,231,780,2018,1,0.1049006443397671
1,231,781,2018,1,0.1354974184422134
1,231,782,2018,1,0.165814575396086
1,231,796,2018,1,0.0737550873117348
1,231,798,2018,1,0.0834021250406901
1,231,799,2018,1,0.0506817691928737
1,231,800,2018,1,0.0552101352987768
1,231,801,2018,1,0.0587791643644634
1,231,802,2018,1,0.0908094801448296
1,231,803,2018,1,0.0577273510120533
1,231,804,2018,1,0.0928376046493924
1,231,805,2018,1,0.0771469910939534
1,231,806,2018,1,0.0580157325381324
1,231,807,2018,1,0.0875514962456443
1,231,809,2018,1,0.0918371093856704
1,231,810,2018,1,0.073722452988128
1,231,811,2018,1,0.0827350082930985
1,231,812,2018,1,0.0725554722111399
1,231,850,2018,1,0.115140646510522
1,231,1294,2018,1,0.1686143141526442
1,231,1531,2018,1,0.059491475423177
1,231,1533,2018,1,0.0644191827029543
1,231,1534,2018,1,0.0554731669050923
1,231,1535,2018,1,0.0710086076619238
1,231,1817,2018,1,0.1349033875898881
1,231,1818,2018,1,0.0945559765919145
1,232,693,2018,1,0.0518977311405822
1,232,783,2018,1,0.1600116338485326
1,232,793,2018,1,0.0830942063610533
1,232,794,2018,1,0.0639487414160876
1,232,795,2018,1,0.0662997368883433
1,232,797,2018,1,0.0478583727877564
1,232,813,2018,1,0.0466980165985942
1,232,814,2018,1,0.0472013295807453
1,232,815,2018,1,0.0830073981695853
1,232,852,2018,1,0.0829492372887156
1,232,906,2018,1,0.0546483739997224
1,232,1018,2018,1,0.0808419011673837
1,232,1217,2018,1,0.0719614299348712
1,232,1218,2018,1,0.0807241231453518
1,232,1351,2018,1,0.0734368491354393
1,232,1529,2018,1,0.058131934353039
1,232,1530,2018,1,0.0509981993891766
1,232,1532,2018,1,0.0637825974473008
1,232,2099,2018,1,0.0428638719022274
1,232,2180,2018,1,0.0839020460844039
1,232,2272,2018,1,0.0274914093315601
1,233,251,2018,1,0.0950022197090456
1,233,1354,2018,1,0.0951918603820215
1,233,1355,2018,1,0.0783105235597549
1,233,1809,2018,1,0.1185186377738755
1,233,1836,2018,1,0.0515513912323982
1,234,917,2018,1,0.069653343946636
1,234,1169,2018,1,0.064142892091442
1,234,1170,2018,1,0.0617195338419038
1,234,1356,2018,1,0.055206108525767
1,234,1837,2018,1,0.0841740278764204
1,234,2087,2018,1,0.0457772351801395
1,234,2094,2018,1,0.0828147456049919
1,234,2101,2018,1,0.0366636104881763
1,234,2108,2018,1,0.0278637763112783
1,234,2201,2018,1,0.0884120166301727
1,235,789,2018,1,0.1045877862188636
1,235,1440,2018,1,0.0824643468010355
1,235,1441,2018,1,0.1757925541660402
1,235,1442,2018,1,0.1222857373606981
1,235,1482,2018,1,0.0995501257261187
1,235,1604,2018,1,0.0961326539825281
1,235,1605,2018,1,0.0743101213313043
1,235,2104,2018,1,0.0517890788614749
1,236,747,2018,1,0.0786113637558957
1,236,748,2018,1,0.0557839046425533
1,236,790,2018,1,0.1096009919137665
1,236,791,2018,1,0.1110322714576605
1,236,903,2018,1,0.0854673850319602
1,236,1483,2018,1,0.0631261107086576
1,236,1484,2018,1,0.0832327638153464
1,236,1648,2018,1,0.141034067676054
1,236,2315,2018,1,0.1076923087239265
1,237,691,2018,1,0.1046726709559892
1,237,692,2018,1,0.0768309047493779
1,237,762,2018,1,0.0992008058151396
1,237,763,2018,1,0.0589097826351673
1,237,764,2018,1,0.0808629745092147
1,237,765,2018,1,0.0994071471385466
1,237,767,2018,1,0.1005283263792474
1,237,768,2018,1,0.088239609682799
1,237,769,2018,1,0.0689949655532836
1,237,907,2018,1,0.1101776306519288
1,237,1346,2018,1,0.1515246320255184
1,237,1347,2018,1,0.0781438277939618
1,237,1476,2018,1,0.0980715649028761
1,237,1477,2018,1,0.1522242077708949
1,237,2121,2018,1,0.0580288618803024
1,238,766,2018,1,0.0679297200950658
1,238,816,2018,1,0.1653536205114438
1,238,818,2018,1,0.1348009845609321
1,238,819,2018,1,0.1265773531756823
1,238,829,2018,1,0.1475543659694945
1,238,1348,2018,1,0.0922531291125292
1,238,1375,2018,1,0.1469558568457117
1,238,1607,2018,1,0.0860796628298459
2,239,710,2018,1,0.1850533634424209
2,239,711,2018,1,0.1599669174241871
2,239,712,2018,1,0.1862727282335037
2,239,713,2018,1,0.1254674983929984
2,239,714,2018,1,0.0738527488053049
2,239,715,2018,1,0.135859260263369
2,239,716,2018,1,0.1181760529423004
2,239,717,2018,1,0.1856951519725768
2,239,718,2018,1,0.1169078687416161
2,239,719,2018,1,0.1588576817803774
2,239,817,2018,1,0.1461840227615734
2,239,830,2018,1,0.2200847038513197
2,239,908,2018,1,0.0812471534312106
2,239,1016,2018,1,0.0538095027119894
2,239,1376,2018,1,0.1749517327693263
2,239,2190,2018,1,0.1545538157224655
2,240,252,2018,1,0.1312989037103328
2,241,215,2018,1,0.0879467605450831
2,241,847,2018,1,0.2332454933219454
2,242,232,2018,1,0.1397049648490598
2,242,1326,2018,1,0.1883728351998836
2,242,1327,2018,1,0.245388418993783
2,243,1510,2018,1,0.1659734764286375
2,243,1843,2018,1,0.2018200077422677
2,243,2296,2018,1,0.2816627025604248
2,244,216,2018,1,0.1703419916838118
2,244,878,2018,1,0.1520006399615546
2,244,916,2018,1,0.2429397636925795
2,245,217,2018,1,0.0534419747286064
2,245,218,2018,1,0.093362390523221
2,245,219,2018,1,0.0953424883560395
2,245,246,2018,1,0.0780559122209718
2,245,1511,2018,1,0.055868489401681
2,245,1512,2018,1,0.0461026207875397
2,245,1513,2018,1,0.0750384504681854
2,245,1514,2018,1,0.0592093601405063
2,245,1538,2018,1,0.1178610429715663
2,245,1543,2018,1,0.0502111567173385
2,245,2150,2018,1,0.0600431971251964
2,246,220,2018,1,0.1353372080689197
2,246,221,2018,1,0.1846232547749934
2,246,1509,2018,1,0.0586996098172634
2,247,225,2018,1,0.1517456338406994
2,247,240,2018,1,0.201868768428859
2,247,245,2018,1,0.1113008704067261
2,247,1288,2018,1,0.1023351291824869
2,247,1290,2018,1,0.0770459836543092
2,247,1539,2018,1,0.0905993085976061
2,247,1540,2018,1,0.0650720377379978
2,247,1606,2018,1,0.0828253729967757
2,247,1608,2018,1,0.1447473605908114
2,247,2077,2018,1,0.0785665534875353
2,247,2123,2018,1,0.0365018993616104
2,247,2165,2018,1,0.0706086978316307
2,247,2216,2018,1,0.0460992902517318
2,247,2218,2018,1,0.0822831690311431
2,247,2246,2018,1,0.0563751310110092
2,247,2251,2018,1,0.0703225806355476
2,248,224,2018,1,0.1056466861270228
2,248,241,2018,1,0.080684401772239
2,248,242,2018,1,0.062582239771324
2,248,244,2018,1,0.0578267091398785
2,248,904,2018,1,0.0985014716325501
2,248,905,2018,1,0.1007014370420903
2,248,1289,2018,1,0.0543191028242351
2,248,1647,2018,1,0.1632314584012006
2,248,2280,2018,1,0.1456871628761291
2,249,921,2018,1,0.0509780031279804
2,249,922,2018,1,0.0969845115161333
2,251,230,2018,1,0.0697100140856919
2,251,1014,2018,1,0.079486829312114
2,251,1807,2018,1,0.2398272957771447
2,251,1808,2018,1,0.0963510206042814
2,251,1810,2018,1,0.1366004387769337
2,251,1811,2018,1,0.1874181909168122
2,251,1812,2018,1,0.0973872495501228
2,251,1917,2018,1,0.0642615986145195
2,251,1918,2018,1,0.0522468602825745
2,251,2151,2018,1,0.0638453140854835
2,251,2195,2018,1,0.1722525358200073
2,251,2245,2018,1,0.0720616579055786
2,252,846,2018,1,0.0630481396854752
2,252,1489,2018,1,0.0636377091841264
2,252,1889,2018,1,0.0704706151178319
2,252,1989,2018,1,0.072619620423254
2,253,237,2018,1,0.0579046672897363
2,253,238,2018,1,0.063075380806426
2,253,915,2018,1,0.1484763223928703
2,253,1013,2018,1,0.0906469033533833
2,254,863,2018,1,0.0499278101427801
2,254,919,2018,1,0.0593563527207055
2,254,920,2018,1,0.0561077717410753
2,254,1919,2018,1,0.0478516054055929
2,254,2181,2018,1,0.0183346066623926
2,255,1095,2018,1,0.0753127007053114
2,255,1352,2018,1,0.0759764928937171
2,255,1353,2018,1,0.0783829097991887
2,255,2182,2018,1,0.1192511171102523
2,256,227,2018,1,0.0914731616816244
2,256,228,2018,1,0.0580241836928456
2,256,229,2018,1,0.0667825657069294
2,256,1713,2018,1,0.1450163257594788
2,257,226,2018,1,0.0887678001276416
2,257,1096,2018,1,0.1026997796420393
2,257,2075,2018,1,0.105102735875409
2,257,2076,2018,1,0.0691389479078688
2,258,223,2018,1,0.1266412033692481
2,258,247,2018,1,0.0627071834052532
2,258,248,2018,1,0.1117622084898945
2,258,249,2018,1,0.2224870296066157
2,258,1419,2018,1,0.064825649919181
2,258,1433,2018,1,0.2044679414627064
2,258,2321,2018,1,0.232664555311203
2,259,243,2018,1,0.1512571671353814
2,259,1015,2018,1,0.061694507756509
2,259,1094,2018,1,0.1094048925192959
2,260,250,2018,1,0.0585822506227355
2,260,1541,2018,1,0.1033350344738328
2,260,1542,2018,1,0.0589847564697265
2,260,1717,2018,1,0.0564817674089186
2,260,1718,2018,1,0.0616416299145607
2,261,213,2018,1,0.0996659110574161
2,261,901,2018,1,0.0640815150710103
2,261,902,2018,1,0.0621817501588561
2,261,913,2018,1,0.0860599224384014
2,261,914,2018,1,0.0843200850538925
2,261,918,2018,1,0.0907480144112534
2,261,1011,2018,1,0.0740154397898706
2,261,2089,2018,1,0.0424951277673244
2,262,234,2018,1,0.080890570506638
2,262,235,2018,1,0.1413473364176548
2,262,236,2018,1,0.092540898972009
2,263,211,2018,1,0.1025440612988651
2,263,212,2018,1,0.0737803431341439
2,263,233,2018,1,0.1220418737242418
2,263,690,2018,1,0.0855706592438144
2,263,1587,2018,1,0.0852072985117672
2,263,1623,2018,1,0.0837954711914062
2,263,1651,2018,1,0.0625595407662753
2,263,1958,2018,1,0.0598494106961279
2,263,1959,2018,1,0.0874748099786022
2,263,2240,2018,1,0.0477308295667171
2,264,222,2018,1,0.101940251383209
2,264,1298,2018,1,0.117081637104983
2,264,1299,2018,1,0.0582307223615975
2,264,1300,2018,1,0.0919146390305351
2,264,1622,2018,1,0.0908672400870188
2,264,2105,2018,1,0.0777398571372032
2,264,2124,2018,1,0.0505443252623081
2,264,2148,2018,1,0.0377200320363044
2,264,2305,2018,1,0.265579491853714
2,265,1224,2018,1,0.1034011650719119
2,265,1857,2018,1,0.0884765531141016
2,265,1858,2018,1,0.0856167839864196
2,265,1859,2018,1,0.0808737214078608
2,265,2118,2018,1,0.1259968131780624
2,266,1072,2018,1,0.0593267067771996
2,266,1172,2018,1,0.0545948690506554
2,266,1225,2018,1,0.0761150614420572
2,266,1413,2018,1,0.0580450071905651
2,266,1414,2018,1,0.0566863515018637
2,266,1505,2018,1,0.0846382545090298
2,266,1568,2018,1,0.0692287560166983
2,266,1569,2018,1,0.0761458622151283
2,266,1969,2018,1,0.0801058920180109
2,266,2191,2018,1,0.0653076618909835
2,267,1500,2018,1,0.0665658272637261
2,267,2304,2018,1,0.0432228296995162
2,268,1502,2018,1,0.0594314148456691
2,268,1503,2018,1,0.0760247897438469
2,268,1504,2018,1,0.0713682134875102
2,268,1696,2018,1,0.067099733984857
2,268,1697,2018,1,0.0752122723520694
2,268,1698,2018,1,0.0688324758619089
2,269,214,2018,1,0.0651258527042068
2,269,239,2018,1,0.0848657206002052
2,269,1501,2018,1,0.0649614285941075
2,269,1864,2018,1,0.0636186408497711
2,269,1865,2018,1,0.064182000517766
2,269,1947,2018,1,0.1320818972993651
2,269,1948,2018,1,0.0950911717121893
2,269,1975,2018,1,0.1056220090734401
2,269,1976,2018,1,0.1242866516113281
2,269,2074,2018,1,0.1525627891972379
2,270,1019,2018,1,0.1041591982298259
2,270,1506,2018,1,0.0775144215410083
2,270,1699,2018,1,0.0864536527603391
2,270,1700,2018,1,0.0780767347754501
2,270,2120,2018,1,0.059554636478424
2,271,1010,2018,1,0.1023021514196065
2,271,1097,2018,1,0.077021340058788
2,271,1221,2018,1,0.0773635737403271
2,271,1222,2018,1,0.0755407103359809
2,271,1223,2018,1,0.0670775817651279
2,271,1968,2018,1,0.0869957220872569
2,271,2100,2018,1,0.053663570433855
2,271,2116,2018,1,0.0538348071277141
2,271,2117,2018,1,0.0742338225245475
2,271,2129,2018,1,0.1162500008940696
2,271,2167,2018,1,0.1285403072834015
2,272,231,2018,1,0.2024765438462381
2,272,848,2018,1,0.3289767681060503
2,272,1009,2018,1,0.1768174236397926
2,272,1012,2018,1,0.172070120094954
2,272,1020,2018,1,0.1800017134706579
2,272,1098,2018,1,0.2401716034987877
2,272,2113,2018,1,0.1362631916999817
